model,trial,seed,worst_start,max_R,min_certificate,fail_windows,total_actual_weighted_mass,impossible_product_weighted_mass,impossible_product_intersections
genuine,0,0,449021,19.538984077823596,0.7333333333333333,0,390.2666666666827,0.0,0
uniform,1,13429448149543749704,979412,109.47231741115694,-89.2,22805,480.20000000001676,63.93333333333409,833
uniform,2,654489455647505135,103865,177.67231741115694,-157.4,19100,548.4000000000058,58.26666666666651,550
uniform,3,6618614526801382215,738247,285.53898407782356,-265.26666666666665,17416,656.2666666666664,288.5333333333252,1966
uniform,4,16383558136999202022,575694,98.3389840778236,-78.06666666666666,20756,469.0666666666835,79.00000000000036,692
uniform,5,11972638422273130425,679958,81.47231741115694,-61.2,18030,452.20000000002153,79.60000000000244,1125
uniform,6,9422953212362058280,662698,120.7389840778236,-100.46666666666667,18474,491.466666666679,121.00000000000162,832
uniform,7,14313603868592645910,410631,175.9389840778236,-155.66666666666666,19463,546.6666666666837,161.40000000000262,1369
uniform,8,6063938839846445032,412571,176.60565074449028,-156.33333333333334,22311,547.3333333333499,155.60000000000204,1388
uniform,9,2174959700052425482,539336,94.00565074449027,-73.73333333333333,20440,464.73333333334926,89.46666666666697,715
uniform,10,14048621895664392185,14323,173.5389840778236,-153.26666666666668,21329,544.2666666666775,64.93333333333307,381
uniform,11,1242139564026159251,387762,174.87231741115693,-154.6,19080,545.6000000000165,168.26666666666762,1671
uniform,12,8707273500827646467,621174,95.3389840778236,-75.06666666666666,18482,466.06666666668764,98.86666666666908,1194
uniform,13,14075945122134914314,350838,101.3389840778236,-81.06666666666666,18993,472.06666666668247,94.66666666666937,1089
uniform,14,16601869682840745810,489901,95.80565074449026,-75.53333333333333,14908,466.533333333347,88.0666666666664,610
uniform,15,6125273720180884520,395275,94.9389840778236,-74.66666666666667,17803,465.66666666668476,9.533333333333289,170
uniform,16,17650198933150359458,338675,101.5389840778236,-81.26666666666667,22143,472.2666666666764,97.06666666666753,721
uniform,17,17052203730736473688,15852,100.5389840778236,-80.26666666666667,24583,471.26666666668194,56.666666666666465,401
uniform,18,8057768030829828420,962306,101.40565074449027,-81.13333333333334,20052,472.1333333333508,41.199999999999974,398
uniform,19,17892911531743763324,858649,170.7389840778236,-150.46666666666667,20543,541.4666666666816,197.86666666666656,1365
uniform,20,17808163220771216140,283868,92.80565074449026,-72.53333333333333,18995,463.53333333335246,28.266666666666723,285
uniform,21,5053919419842168106,204702,162.27231741115693,-142.0,19598,533.0000000000165,178.6000000000029,1366
uniform,22,5268627978043286199,654668,171.60565074449028,-151.33333333333334,17419,542.333333333352,119.33333333333503,890
uniform,23,17810266434497161093,645652,102.5389840778236,-82.26666666666667,18861,473.2666666666838,113.66666666666963,1013
uniform,24,5457879368817183138,877150,181.00565074449025,-160.73333333333332,17070,551.7333333333512,188.40000000000262,1541
uniform,25,14522195495049473902,190083,69.00565074449027,-48.733333333333334,17756,439.7333333333497,59.80000000000079,794
uniform,26,15164071724502618051,677986,101.60565074449026,-81.33333333333333,16941,472.33333333334855,98.00000000000183,875
uniform,27,1095734666785547918,536500,172.1389840778236,-151.86666666666667,18063,542.8666666666813,188.53333333333475,1337
uniform,28,8831732822205739675,879909,171.40565074449026,-151.13333333333333,21775,542.1333333333524,166.26666666666907,1532
uniform,29,2060645563191172025,266232,99.07231741115693,-78.8,18111,469.80000000001615,86.86666666666744,773
uniform,30,10005628822224780695,626593,100.3389840778236,-80.06666666666666,15670,471.06666666668116,70.39999999999978,592
uniform,31,1149243824635878920,389722,98.40565074449027,-78.13333333333334,18911,469.13333333334526,92.40000000000325,1113
uniform,32,14010337148789434687,562389,134.60565074449025,-114.33333333333333,20731,505.33333333334417,148.26666666666745,1646
uniform,33,2695261746004246540,995252,97.40565074449027,-77.13333333333334,16339,468.1333333333521,55.06666666666655,490
uniform,34,1122265878850096961,408761,103.00565074449027,-82.73333333333333,20203,473.73333333334944,96.66666666666765,773
uniform,35,17241154326776197027,146500,172.80565074449026,-152.53333333333333,14388,543.5333333333483,164.40000000000222,1539
uniform,36,17168738959795029436,381398,94.87231741115693,-74.6,17577,465.6000000000193,106.73333333333535,967
uniform,37,2603053954296272380,288388,64.80565074449026,-44.53333333333333,16718,435.5333333333475,45.26666666666641,560
uniform,38,17251848433485109764,726851,110.80565074449026,-90.53333333333333,16459,481.5333333333491,79.86666666666663,654
uniform,39,2147676241649231079,884322,111.47231741115694,-91.2,17848,482.2000000000184,111.86666666666949,1044
uniform,40,13194349143828874386,201873,96.00565074449027,-75.73333333333333,18670,466.73333333334676,81.06666666666617,407
uniform,41,4593750618322779610,574870,97.1389840778236,-76.86666666666666,20348,467.86666666668617,106.6666666666689,1146
uniform,42,9226705772181374165,545199,167.60565074449028,-147.33333333333334,19161,538.3333333333512,142.53333333333566,898
uniform,43,4699857250292667841,973815,175.47231741115692,-155.2,20754,546.2000000000097,182.99999999999793,1837
uniform,44,16540815585529415604,109046,108.47231741115694,-88.2,17573,479.2000000000153,95.200000000004,1309
uniform,45,9558739336293505974,548667,99.00565074449027,-78.73333333333333,17714,469.73333333335177,101.33333333333763,1347
uniform,46,17315193449335715945,177019,100.20565074449027,-79.93333333333334,20289,470.9333333333509,84.13333333333529,986
uniform,47,1806005878972806933,652405,101.80565074449026,-81.53333333333333,20890,472.53333333334814,82.53333333333394,746
uniform,48,2363637113911169719,644705,104.60565074449026,-84.33333333333333,19802,475.3333333333487,75.3999999999998,621
uniform,49,7743596886023264804,518958,94.47231741115694,-74.2,19235,465.20000000001556,66.7333333333331,644
uniform,50,10673223809566102092,896412,165.47231741115692,-145.2,16173,536.2000000000168,155.93333333333678,1102
uniform,51,14413751282253952044,884650,104.3389840778236,-84.06666666666666,20491,475.06666666668275,28.53333333333342,311
uniform,52,18430124290723235976,549289,104.60565074449026,-84.33333333333333,17756,475.3333333333478,82.46666666666927,1079
uniform,53,16657168272117680621,669096,94.3389840778236,-74.06666666666666,17034,465.06666666668514,87.66666666666826,1236
uniform,54,1905261976061308272,141860,104.60565074449026,-84.33333333333333,21504,475.3333333333501,142.4000000000025,913
uniform,55,17579865502794581295,863583,172.60565074449028,-152.33333333333334,17859,543.3333333333501,172.99999999999784,2031
uniform,56,16810219245519978699,797442,172.20565074449027,-151.93333333333334,21196,542.9333333333449,112.53333333333534,878
uniform,57,17727297950050456629,951920,74.47231741115694,-54.2,21515,445.2000000000173,73.26666666666789,875
uniform,58,12280759125770512069,757850,96.7389840778236,-76.46666666666667,18218,467.4666666666784,97.86666666666656,596
uniform,59,17274514349122069055,928460,89.60565074449026,-69.33333333333333,20322,460.3333333333482,81.93333333333275,572
uniform,60,9169926221389230890,479478,97.9389840778236,-77.66666666666667,17710,468.6666666666816,87.60000000000124,1289
uniform,61,12692306265315498601,550521,292.73898407782355,-272.46666666666664,19936,663.4666666666712,194.46666666666746,1352
uniform,62,912723564994218050,412406,97.40565074449027,-77.13333333333334,17681,468.13333333335333,106.4666666666692,1095
uniform,63,7340599011895167585,38235,103.80565074449026,-83.53333333333333,23113,474.53333333335223,93.26666666666912,1096
uniform,64,16763647181811983526,856949,462.53898407782356,-442.26666666666665,19957,833.2666666666529,400.26666666666347,2206
uniform,65,11848539689456647535,114285,107.3389840778236,-87.06666666666666,21102,478.06666666668804,97.33333333333596,1062
uniform,66,14918573513556145926,237343,287.9389840778236,-267.6666666666667,19313,658.6666666666698,249.19999999999683,1596
uniform,67,5745142070703483904,494348,59.338984077823596,-39.06666666666667,16283,430.06666666668366,57.53333333333342,699
uniform,68,6833221639398671370,756338,60.672317411156925,-40.4,13438,431.4000000000174,22.33333333333334,270
uniform,69,15060255819091035987,190251,107.7389840778236,-87.46666666666667,17030,478.46666666668534,101.53333333333514,1153
uniform,70,8732927878075605085,233998,103.3389840778236,-83.06666666666666,22940,474.06666666668383,54.06666666666768,879
uniform,71,6033799109011135140,107091,177.00565074449025,-156.73333333333332,14498,547.7333333333478,190.0000000000005,1417
uniform,72,13904830441241163781,746423,59.7389840778236,-39.46666666666667,21845,430.4666666666837,37.93333333333313,391
uniform,73,5595438618765515791,74968,74.00565074449027,-53.733333333333334,21082,444.7333333333495,84.20000000000144,828
uniform,74,12366644277280904214,965911,111.27231741115693,-91.0,18194,482.0000000000144,133.00000000000142,756
uniform,75,8815263277912166396,179909,98.47231741115694,-78.2,24090,469.20000000002034,92.53333333333605,1189
uniform,76,10448014934585914817,257308,102.67231741115694,-82.4,21110,473.4000000000189,36.266666666666694,365
uniform,77,8241117507303512693,323519,105.9389840778236,-85.66666666666667,18211,476.666666666684,64.06666666666618,545
uniform,78,9081345859371628542,876486,180.20565074449027,-159.93333333333334,16842,550.9333333333507,177.0666666666679,1829
uniform,79,8048001190188274897,42612,97.5389840778236,-77.26666666666667,19181,468.2666666666837,61.13333333333289,462
uniform,80,7164757769105214229,268072,170.07231741115694,-149.8,19068,540.800000000018,158.8666666666666,1850
uniform,81,5225123166932277096,638960,96.27231741115693,-76.0,19253,467.0000000000157,67.99999999999946,540
uniform,82,14276197416223855692,571767,63.87231741115693,-43.6,21523,434.6000000000186,72.33333333333456,833
uniform,83,7541296211184330870,544377,181.1389840778236,-160.86666666666667,19990,551.8666666666721,187.9333333333309,1821
uniform,84,14536127255201632630,832931,97.7389840778236,-77.46666666666667,20784,468.46666666668284,109.13333333333469,851
uniform,85,3630830006288927859,77546,56.205650744490256,-35.93333333333333,19964,426.93333333334874,19.466666666666725,330
uniform,86,15470511143632938280,104361,90.00565074449027,-69.73333333333333,18968,460.73333333335046,85.9333333333345,871
uniform,87,12687623199101602464,767720,171.00565074449025,-150.73333333333332,19163,541.7333333333427,-3.5333333333333297,51
uniform,88,15053736847569090239,864051,99.67231741115694,-79.4,18232,470.40000000001817,101.00000000000041,695
uniform,89,10946776174760604745,150296,109.3389840778236,-89.06666666666666,16056,480.06666666668065,101.00000000000239,1059
uniform,90,5902169455799456720,723219,164.9389840778236,-144.66666666666666,19678,535.6666666666832,168.9999999999996,2061
uniform,91,1200697233756374787,255728,95.07231741115693,-74.8,18688,465.80000000001473,105.53333333333455,759
uniform,92,14429855470499674906,794816,107.7389840778236,-87.46666666666667,19066,478.4666666666848,108.33333333333653,1158
uniform,93,8104497589530584752,808452,100.00565074449027,-79.73333333333333,18742,470.7333333333505,118.60000000000153,864
uniform,94,10496429244065856064,872510,172.7389840778236,-152.46666666666667,22644,543.46666666668,162.40000000000217,1232
uniform,95,11126687222191146219,333220,98.9389840778236,-78.66666666666667,17572,469.6666666666844,25.13333333333329,158
uniform,96,15689249321920698649,748015,97.47231741115694,-77.2,23198,468.20000000001653,76.73333333333372,737
uniform,97,15337533159845488304,220268,97.7389840778236,-77.46666666666667,21167,468.46666666668324,98.93333333333439,812
uniform,98,11456988543798685732,729890,174.47231741115692,-154.2,17395,545.2000000000077,55.93333333333294,445
uniform,99,2648050754682924088,378357,104.47231741115694,-84.2,23693,475.20000000001573,67.26666666666611,444
uniform,100,11911000891909793527,168009,104.3389840778236,-84.06666666666666,20870,475.0666666666848,90.86666666666875,1114
independent_square,1,3760684019240542450,560000,93.5389840778236,-73.26666666666667,19707,464.26666666668626,38.86666666666651,482
independent_square,2,11152968823687245083,156800,95.27231741115693,-75.0,16899,466.0000000000161,95.86666666666677,660
independent_square,3,5673012824866946814,749981,176.1389840778236,-155.86666666666667,15698,546.8666666666832,164.20000000000397,1537
independent_square,4,15598168032123741713,435900,99.07231741115693,-78.8,20879,469.8000000000151,79.8666666666669,675
independent_square,5,13424278471330186248,454523,143.67231741115694,-123.4,17749,514.4000000000096,149.66666666666873,1506
independent_square,6,15133472560840775736,803357,113.47231741115694,-93.2,21250,484.2000000000132,83.00000000000058,711
independent_square,7,8768164236184003122,373596,291.0723174111569,-270.8,16411,661.7999999999944,290.86666666665417,2953
independent_square,8,3346887413222867795,785357,105.00565074449027,-84.73333333333333,18476,475.7333333333501,76.13333333333416,808
independent_square,9,4036888401711380382,177494,195.3389840778236,-175.06666666666666,18749,566.0666666666649,192.53333333332753,2336
independent_square,10,15954420470927862892,872935,99.47231741115694,-79.2,18308,470.20000000002125,80.13333333333658,1212
independent_square,11,12689853545985403984,179149,97.5389840778236,-77.26666666666667,20478,468.26666666668046,107.13333333333337,635
independent_square,12,4291604966143500096,318569,94.07231741115693,-73.8,19287,464.80000000002013,40.46666666666668,337
independent_square,13,12514303176209966691,999035,177.67231741115694,-157.4,16211,548.4000000000061,208.26666666666503,1427
independent_square,14,1810448075220651958,620756,91.80565074449026,-71.53333333333333,16221,462.53333333335,68.86666666666834,922
independent_square,15,18371652861380401229,667750,289.9389840778236,-269.6666666666667,16320,660.6666666666737,285.73333333332823,2022
independent_square,16,4767209394541770639,733619,166.00565074449025,-145.73333333333332,18607,536.7333333333494,157.20000000000346,1075
independent_square,17,8217072949997476534,270,92.80565074449026,-72.53333333333333,17404,463.5333333333529,35.53333333333333,388
independent_square,18,18010541614231416064,580110,103.7389840778236,-83.46666666666667,18046,474.4666666666873,87.66666666666939,1152
independent_square,19,14279817985918294756,72672,68.67231741115693,-48.4,20371,439.4000000000183,48.80000000000065,775
independent_square,20,8642352814767816782,182279,99.7389840778236,-79.46666666666667,21791,470.4666666666849,115.1333333333366,1170
independent_square,21,16870189793694861261,76532,175.87231741115693,-155.6,19357,546.6000000000157,176.46666666666817,1627
independent_square,22,8681747571449753125,345859,92.47231741115694,-72.2,19068,463.20000000001795,36.533333333333246,538
independent_square,23,7860091661239013041,666965,105.5389840778236,-85.26666666666667,22050,476.2666666666813,101.66666666666684,648
independent_square,24,11423400672835504822,438541,99.5389840778236,-79.26666666666667,19581,470.26666666668217,94.40000000000202,895
independent_square,25,16236339653217658223,946191,172.7389840778236,-152.46666666666667,19317,543.4666666666767,182.0666666666646,1816
independent_square,26,12869327790998693949,51208,69.67231741115693,-49.4,20138,440.40000000001925,58.733333333333405,718
independent_square,27,9307313185570824525,656290,55.5389840778236,-35.266666666666666,18842,426.26666666668183,53.2666666666664,535
independent_square,28,7326665137890325103,676668,61.27231741115693,-41.0,22570,432.0000000000167,64.60000000000024,681
independent_square,29,9460286839201919682,87869,99.00565074449027,-78.73333333333333,17213,469.7333333333527,104.60000000000288,1011
independent_square,30,5823974729352673706,648360,110.3389840778236,-90.06666666666666,19761,481.0666666666831,91.26666666666786,859
independent_square,31,1197906404156733684,437342,97.67231741115694,-77.4,19908,468.40000000001913,36.3333333333333,396
independent_square,32,987656070977910553,815921,99.07231741115693,-78.8,16997,469.8000000000154,96.40000000000158,922
independent_square,33,14807995973516257558,806569,182.87231741115693,-162.6,18875,553.600000000012,170.46666666666854,1203
independent_square,34,11035483966002043753,397468,178.60565074449028,-158.33333333333334,19426,549.333333333348,174.1333333333323,1823
independent_square,35,908277930378458596,280439,107.60565074449026,-87.33333333333333,19426,478.3333333333534,96.0000000000039,1254
independent_square,36,6578733034294322267,657206,100.07231741115693,-79.8,19197,470.800000000019,92.26666666666893,1016
independent_square,37,13518324957499820077,410389,80.20565074449026,-59.93333333333333,20683,450.93333333334857,72.80000000000123,833
independent_square,38,12854477015722701219,528147,106.40565074449027,-86.13333333333334,19590,477.1333333333484,82.86666666666696,691
independent_square,39,17628866059880776415,854789,98.67231741115694,-78.4,18616,469.4000000000206,91.73333333333582,1335
independent_square,40,5059968125754596135,912749,170.3389840778236,-150.06666666666666,19340,541.0666666666737,55.46666666666647,375
independent_square,41,637132605493534720,203617,61.07231741115693,-40.8,20354,431.800000000015,54.59999999999968,609
independent_square,42,12973709305259501376,350579,99.60565074449026,-79.33333333333333,16944,470.3333333333493,105.00000000000125,896
independent_square,43,1184192299766106552,793289,100.5389840778236,-80.26666666666667,23930,471.2666666666827,109.66666666666823,812
independent_square,44,5434204389300068256,913538,170.07231741115694,-149.8,20857,540.8000000000173,131.0666666666695,1411
independent_square,45,16675887738678317120,873013,96.20565074449027,-75.93333333333334,18031,466.93333333335244,86.5333333333356,1024
independent_square,46,9448706360005846900,899664,177.3389840778236,-157.06666666666666,25797,548.0666666666797,126.80000000000241,946
independent_square,47,2188698242705343234,337077,98.27231741115693,-78.0,15259,469.0000000000166,63.999999999999474,479
independent_square,48,13891719119126417770,994113,118.47231741115694,-98.2,20325,489.20000000001835,107.46666666666955,1049
independent_square,49,14043372116071084988,894152,58.87231741115693,-38.6,15134,429.6000000000192,53.06666666666675,848
independent_square,50,12432315021664848872,490912,92.27231741115693,-72.0,21445,463.0000000000195,115.26666666666978,1106
independent_square,51,293218661746381214,832460,95.7389840778236,-75.46666666666667,17595,466.4666666666843,100.46666666666988,1105
independent_square,52,7556136525381486202,568997,100.3389840778236,-80.06666666666666,13575,471.06666666668445,93.93333333333506,958
independent_square,53,10950230522394557060,193175,138.60565074449025,-118.33333333333333,18433,509.33333333335264,130.8666666666699,1087
independent_square,54,5468053190198812478,663437,169.80565074449026,-149.53333333333333,18729,540.5333333333479,186.60000000000102,1222
independent_square,55,3536529973622693616,333783,98.27231741115693,-78.0,20709,469.00000000002007,97.66666666666944,1105
independent_square,56,15220359163025915617,714975,103.47231741115694,-83.2,18464,474.2000000000199,72.60000000000167,943
independent_square,57,16226745568922276408,788522,288.1389840778236,-267.8666666666667,18313,658.8666666666755,260.9333333333302,1634
independent_square,58,15876391416045312888,621284,102.47231741115694,-82.2,19727,473.2000000000196,93.46666666666925,1182
independent_square,59,10482482685356821710,820862,62.00565074449027,-41.733333333333334,20449,432.733333333352,63.26666666666814,985
independent_square,60,16929935884758396718,71637,164.80565074449026,-144.53333333333333,18609,535.5333333333493,163.26666666666952,935
independent_square,61,8320278773582600603,614709,97.20565074449027,-76.93333333333334,20914,467.9333333333496,97.60000000000136,927
independent_square,62,2584583942805075345,587390,97.5389840778236,-77.26666666666667,21832,468.2666666666857,103.86666666667003,1223
independent_square,63,3402490964352922804,518444,106.40565074449027,-86.13333333333334,18901,477.13333333335123,111.00000000000286,1103
independent_square,64,10734882889121815513,237185,173.5389840778236,-153.26666666666668,23088,544.2666666666848,124.06666666666992,1089
independent_square,65,6055785774254144567,925221,95.5389840778236,-75.26666666666667,18854,466.26666666668734,6.799999999999939,159
independent_square,66,9672105876578051133,665075,285.8723174111569,-265.6,18010,656.6000000000074,272.93333333332413,3070
independent_square,67,10733501782915983881,433153,104.87231741115693,-84.6,16641,475.6000000000223,97.66666666666906,1294
independent_square,68,6181574077228609181,97349,101.67231741115694,-81.4,21590,472.4000000000154,91.5333333333345,780
independent_square,69,10236555234450929913,213872,180.00565074449025,-159.73333333333332,15537,550.7333333333469,180.80000000000143,1213
independent_square,70,4313037227833728590,936054,71.60565074449026,-51.333333333333336,16087,442.3333333333429,101.80000000000155,808
independent_square,71,342183982186129667,841919,65.47231741115694,-45.2,16153,436.2000000000197,40.06666666666651,466
independent_square,72,15568465314337253201,645629,104.47231741115694,-84.2,19025,475.2000000000155,91.80000000000119,813
independent_square,73,10042557594146017130,498075,115.60565074449026,-95.33333333333333,19178,486.33333333334974,81.0666666666674,743
independent_square,74,4877169916391024896,767781,104.87231741115693,-84.6,17534,475.6000000000188,76.06666666666757,805
independent_square,75,5407317260509235826,893320,119.20565074449027,-98.93333333333334,21085,489.93333333334556,130.26666666666972,1004
independent_square,76,15318745980094274562,917563,102.1389840778236,-81.86666666666666,18239,472.8666666666851,85.46666666666957,1137
independent_square,77,11362243006856914334,452333,96.20565074449027,-75.93333333333334,23554,466.9333333333522,100.06666666666814,933
independent_square,78,5093856578101258014,577333,107.00565074449027,-86.73333333333333,16209,477.73333333335324,110.73333333333655,1154
independent_square,79,11454705846777454509,41083,101.60565074449026,-81.33333333333333,18881,472.3333333333538,102.00000000000242,1090
independent_square,80,2117215843390847875,346019,172.20565074449027,-151.93333333333334,24821,542.9333333333382,64.13333333333331,310
independent_square,81,18408954351258253784,71344,171.5389840778236,-151.26666666666668,15642,542.2666666666823,232.33333333333508,977
independent_square,82,15072521947203003749,603099,102.87231741115693,-82.6,19299,473.6000000000169,81.66666666666823,966
independent_square,83,13598361418396299901,346828,97.9389840778236,-77.66666666666667,24833,468.6666666666809,90.53333333333416,742
independent_square,84,6499372716433625343,78859,95.80565074449026,-75.53333333333333,17357,466.5333333333468,87.40000000000042,692
independent_square,85,13177726361764425040,77160,173.80565074449026,-153.53333333333333,18613,544.5333333333525,165.33333333333545,1371
independent_square,86,17954386242134053637,729634,70.87231741115693,-50.6,18493,441.6000000000162,54.33333333333434,849
independent_square,87,13882706690113470275,99320,103.07231741115693,-82.8,21045,473.80000000001735,103.46666666666883,1044
independent_square,88,15464553209163748111,79895,63.338984077823596,-43.06666666666667,19021,434.0666666666818,52.266666666666254,413
independent_square,89,17009130128556282867,230886,100.00565074449027,-79.73333333333333,17538,470.7333333333479,85.0000000000001,675
independent_square,90,280019076273232642,347969,101.5389840778236,-81.26666666666667,19045,472.26666666668456,93.66666666666757,806
independent_square,91,7426595688938278053,320013,167.1389840778236,-146.86666666666667,19875,537.8666666666799,185.33333333333485,1648
independent_square,92,1358259267230969491,352839,292.6723174111569,-272.4,15528,663.4000000000015,103.33333333333289,548
independent_square,93,9813158736986722592,581973,104.9389840778236,-84.66666666666667,16254,475.6666666666816,74.99999999999979,617
independent_square,94,15967339680215176709,396502,178.07231741115694,-157.8,18844,548.8000000000153,88.9333333333334,635
independent_square,95,14192053071574162429,176076,104.1389840778236,-83.86666666666666,18866,474.86666666668094,90.1333333333333,612
independent_square,96,13829954770160065067,511158,105.27231741115693,-85.0,18245,476.00000000001353,25.733333333333334,227
independent_square,97,4173875877425453360,218128,98.60565074449026,-78.33333333333333,21690,469.3333333333495,76.60000000000038,738
independent_square,98,11357670934265359471,341272,100.40565074449027,-80.13333333333334,21314,471.1333333333507,119.00000000000269,952
independent_square,99,17481986241920288894,572502,100.07231741115693,-79.8,19308,470.80000000001513,112.9333333333349,826
independent_square,100,9014773453175292512,788085,101.9389840778236,-81.66666666666667,22709,472.66666666668226,80.93333333333348,674
