n,cutoff,M_extrapolated,margin_1_minus_M,fit_a_over_G,fit_b_over_G2,richardson_12,richardson_23,seconds,grid_1,M_grid_1,grid_2,M_grid_2,grid_3,M_grid_3,E1_extrapolated,E2_extrapolated,E3_extrapolated,E4_extrapolated,E5_extrapolated,E6_extrapolated,E7_extrapolated,E8_extrapolated,E9_extrapolated,iteration,role
32000000000000000000000000,100000000,0.9999876270891535,1.2372910846547569e-05,0.364045528200222,-5535.304356892884,0.999987788187713,0.9999876673637933,17.251327000034507,131072,0.9999900823389963,262144,0.9999889352633546,524288,0.999988301313574,3.8344140799479955,7.250241958231178,8.944085517227018,7.9489303134598215,5.32120871937912,2.7513506469164875,1.1185504678493199,0.36277244178600954,0.09502420307919755,0,lo
32500000000000000000000000,100000000,1.000011985876685,-1.1985876684939e-05,0.045370876498054526,32483.194163004577,1.0000110404913094,1.000011749530341,16.64970250002807,131072,1.0000142227997533,262144,1.0000126316455313,524288,1.0000121905879362,3.834678046010194,7.251254148255743,8.945999409133266,7.951289572899174,5.323300980117561,2.7527458314524793,1.1192677689099508,0.36306190869330207,0.0951172430064123,0,hi
32253972223177243691581440,100000000,0.999999651816531,3.481834689456065e-07,0.40064261114457617,-5125.749766031891,0.9999998009954831,0.999999689111269,16.589216199994553,131072,1.0000024101191731,262144,1.0000011055573281,524288,1.0000003973342986,3.83454868014578,7.250758080183336,8.945061393059591,7.950132519137556,5.32227299650033,2.752058015407001,1.118912265723947,0.3629173377816077,0.09507026889638404,0,mid
32253972223177243691581440,100000000,0.999999651816531,3.481834689456065e-07,0.40064261114457617,-5125.749766031891,0.9999998009954831,0.999999689111269,16.589216199994553,131072,1.0000024101191731,262144,1.0000011055573281,524288,1.0000003973342986,3.83454868014578,7.250758080183336,8.945061393059591,7.950132519137556,5.32227299650033,2.752058015407001,1.118912265723947,0.3629173377816077,0.09507026889638404,1,lo
32500000000000000000000000,100000000,1.000011985876685,-1.1985876684939e-05,0.045370876498054526,32483.194163004577,1.0000110404913094,1.000011749530341,16.64970250002807,131072,1.0000142227997533,262144,1.0000126316455313,524288,1.0000121905879362,3.834678046010194,7.251254148255743,8.945999409133266,7.951289572899174,5.323300980117561,2.7527458314524793,1.1192677689099508,0.36306190869330207,0.0951172430064123,1,hi
32260917446706428075048960,100000000,0.9999999381078828,6.189211720908361e-08,0.4222102594794704,-7455.491963704408,1.000000155091257,0.9999999923537264,18.29805999994278,131072,1.0000027253497794,262144,1.0000014402205182,524288,1.0000007162871223,3.8345523458164807,7.250772136382802,8.94508795322402,7.950165011225959,5.32230130195088,2.752076366634064,1.1189213574835721,0.36292084743901365,0.0950713413147673,1,mid
32260917446706428075048960,100000000,0.9999999381078828,6.189211720908361e-08,0.4222102594794704,-7455.491963704408,1.000000155091257,0.9999999923537264,18.29805999994278,131072,1.0000027253497794,262144,1.0000014402205182,524288,1.0000007162871223,3.8345523458164807,7.250772136382802,8.94508795322402,7.950165011225959,5.32230130195088,2.752076366634064,1.1189213574835721,0.36292084743901365,0.0950713413147673,2,lo
32500000000000000000000000,100000000,1.000011985876685,-1.1985876684939e-05,0.045370876498054526,32483.194163004577,1.0000110404913094,1.000011749530341,16.64970250002807,131072,1.0000142227997533,262144,1.0000126316455313,524288,1.0000121905879362,3.834678046010194,7.251254148255743,8.945999409133266,7.951289572899174,5.323300980117561,2.7527458314524793,1.1192677689099508,0.36306190869330207,0.0951172430064123,2,hi
32262145667935941680955392,100000000,0.9999999965917858,3.408214155342648e-09,0.42046023637521995,-7278.765096028626,1.0000002084317312,1.0000000495517722,17.633637299994007,131072,1.0000027807689233,262144,1.0000014946003273,524288,1.0000007720760498,3.83455299398491,7.250774621818779,8.945092653434864,7.95017080083198,5.322306425077866,2.752079770333104,1.118923098709509,0.36292154583605596,0.0950715642045555,2,mid
32262145667935941680955392,100000000,0.9999999965917858,3.408214155342648e-09,0.42046023637521995,-7278.765096028626,1.0000002084317312,1.0000000495517722,17.633637299994007,131072,1.0000027807689233,262144,1.0000014946003273,524288,1.0000007720760498,3.83455299398491,7.250774621818779,8.945092653434864,7.95017080083198,5.322306425077866,2.752079770333104,1.118923098709509,0.36292154583605596,0.0950715642045555,3,lo
32500000000000000000000000,100000000,1.000011985876685,-1.1985876684939e-05,0.045370876498054526,32483.194163004577,1.0000110404913094,1.000011749530341,16.64970250002807,131072,1.0000142227997533,262144,1.0000126316455313,524288,1.0000121905879362,3.834678046010194,7.251254148255743,8.945999409133266,7.951289572899174,5.323300980117561,2.7527458314524793,1.1192677689099508,0.36306190869330207,0.0951172430064123,3,hi
32262213283186417059495936,100000000,0.9999999995132849,4.867151126575209e-10,0.42078342119930306,-7269.619944254548,1.0000002110870712,1.0000000524067314,19.77210569998715,131072,1.0000027866884447,262144,1.000001498887758,524288,1.0000007756472447,3.83455302966669,7.2507747586424545,8.945092912046192,7.95017111788259,5.322306702622685,2.7520799516605705,1.118923189472576,0.3629215813186365,0.09507157520939435,3,mid
32000000000000000000000000,200000000,0.9999875470311704,1.2452968829568256e-05,0.36404869586112903,-5535.731165568024,0.9999877081421518,0.9999875873089158,19.63508009997895,131072,0.9999900022803372,262144,0.9999888552112445,524288,0.9999882212600801,3.834412786075746,7.250236996990049,8.944076180813843,7.948919084857926,5.321199255453808,2.7513447962462263,1.1185477354086275,0.3627714558211069,0.09502392319445388,0,lo
32500000000000000000000000,200000000,1.000011905760431,-1.190576043108571e-05,0.04537507129134603,32482.651845296234,1.000010960390839,1.000011669418033,18.239215799956582,131072,1.000014142683936,262144,1.0000125515373874,524288,1.0000121104777102,3.834676752137951,7.251249186673095,8.945990071387511,7.951278341708251,5.323291512978448,2.7527399780107578,1.1192650347348476,0.3630609219161136,0.0951169628298895,0,hi
32255616142704193977712640,200000000,0.9999996377262435,3.6227375654895866e-07,0.40695108176441863,-5836.251495361328,0.9999998075835175,0.999999680190562,17.705347499984782,131072,1.000002402802053,262144,1.0000011051927853,524288,1.0000003926916736,3.834548254002472,7.250756446116166,8.945058342779204,7.950128973655266,5.32227021117071,2.7520564787161184,1.1189116591813528,0.36291716662601886,0.09507023570607405,0,mid
32255616142704193977712640,200000000,0.9999996377262435,3.6227375654895866e-07,0.40695108176441863,-5836.251495361328,0.9999998075835175,0.999999680190562,17.705347499984782,131072,1.000002402802053,262144,1.0000011051927853,524288,1.0000003926916736,3.834548254002472,7.250756446116166,8.945058342779204,7.950128973655266,5.32227021117071,2.7520564787161184,1.1189116591813528,0.36291716662601886,0.09507023570607405,1,lo
32500000000000000000000000,200000000,1.000011905760431,-1.190576043108571e-05,0.04537507129134603,32482.651845296234,1.000010960390839,1.000011669418033,18.239215799956582,131072,1.000014142683936,262144,1.0000125515373874,524288,1.0000121104777102,3.834676752137951,7.251249186673095,8.945990071387511,7.951278341708251,5.323291512978448,2.7527399780107578,1.1192650347348476,0.3630609219161136,0.0951169628298895,1,hi
32262832772252853795291136,200000000,0.9999999226560008,7.734399920522605e-08,0.44877360219834356,-10599.266591389955,1.0000002311352587,0.9999999997758153,17.936366399982944,131072,1.0000027295683516,262144,1.0000014803518051,524288,1.0000007400638102,3.8345520627068104,7.250771050783989,8.945085938696256,7.950162686338992,5.3222994739752325,2.7520753331591,1.1189209171876957,0.3629206985647147,0.09507129893680037,1,mid
32262832772252853795291136,200000000,0.9999999226560008,7.734399920522605e-08,0.44877360219834356,-10599.266591389955,1.0000002311352587,0.9999999997758153,17.936366399982944,131072,1.0000027295683516,262144,1.0000014803518051,524288,1.0000007400638102,3.8345520627068104,7.250771050783989,8.945085938696256,7.950162686338992,5.3222994739752325,2.7520753331591,1.1189209171876957,0.3629206985647147,0.09507129893680037,2,lo
32500000000000000000000000,200000000,1.000011905760431,-1.190576043108571e-05,0.04537507129134603,32482.651845296234,1.000010960390839,1.000011669418033,18.239215799956582,131072,1.000014142683936,262144,1.0000125515373874,524288,1.0000121104777102,3.834676752137951,7.251249186673095,8.945990071387511,7.951278341708251,5.323291512978448,2.7527399780107578,1.1192650347348476,0.3630609219161136,0.0951169628298895,2,hi
32264363549354990095040512,200000000,0.9999999968782833,3.121716662946028e-09,0.44664162007393315,-10392.378143310547,1.0000002993362949,1.0000000724927862,17.97186290001264,131072,1.000002799567394,262144,1.0000015494518444,524288,1.0000008109723153,3.83455287049022,7.250774148271858,8.945091796067404,7.9501699047347625,5.322305870508157,2.7520795936880287,1.1189231047414834,0.36292158015210746,0.09507158191777433,2,mid
32264363549354990095040512,200000000,0.9999999968782833,3.121716662946028e-09,0.44664162007393315,-10392.378143310547,1.0000002993362949,1.0000000724927862,17.97186290001264,131072,1.000002799567394,262144,1.0000015494518444,524288,1.0000008109723153,3.83455287049022,7.250774148271858,8.945091796067404,7.9501699047347625,5.322305870508157,2.7520795936880287,1.1189231047414834,0.36292158015210746,0.09507158191777433,3,lo
32500000000000000000000000,200000000,1.000011905760431,-1.190576043108571e-05,0.04537507129134603,32482.651845296234,1.000010960390839,1.000011669418033,18.239215799956582,131072,1.000014142683936,262144,1.0000125515373874,524288,1.0000121104777102,3.834676752137951,7.251249186673095,8.945990071387511,7.951278341708251,5.323291512978448,2.7527399780107578,1.1192650347348476,0.3630609219161136,0.0951169628298895,3,hi
32264425317556676552818688,200000000,0.9999999999184601,8.153988595438477e-11,0.4464479092275723,-10374.583353678376,1.000000301858575,1.0000000754034888,20.66943299997365,131072,1.0000028021654672,262144,1.0000015520120211,524288,1.000000813707755,3.834552903084167,7.25077427325507,8.945092032570281,7.950170196853465,5.322306130354159,2.7520797675557716,1.1189231944061682,0.3629216164114064,0.09507159357939797,3,mid
32000000000000000000000000,400000000,0.9999875444822867,1.245551771333897e-05,0.36404769032378675,-5535.665064493805,0.9999877055913442,0.9999875847595511,20.23372369998833,131072,0.9999899997276294,262144,0.9999888526594868,524288,0.9999882187095189,3.83441274384091,7.250236835044259,8.944075876230567,7.948918719316004,5.32119894855741,2.751344607562845,1.1185476478866954,0.3627714244871435,0.09502391437695469,0,lo
32500000000000000000000000,400000000,1.000011903209132,-1.1903209131913783e-05,0.04537408711621538,32482.810638427734,1.0000109578349183,1.0000116668655785,19.460653399990406,131072,1.0000141401343712,262144,1.0000125489846448,524288,1.0000121079251116,3.834676709903107,7.251249024716126,8.945989766759,7.951277976072545,5.323291205958421,2.7527397892160876,1.1192649471414375,0.3630608905482423,0.09511695400016586,0,hi
32255668487775795112050688,400000000,0.9999996372372082,3.6276279180569304e-07,0.40700390579877405,-5841.968068440736,0.9999998072608565,0.9999996797431203,19.78729750000639,131072,1.000002402383285,262144,1.0000011048220707,524288,1.0000003922825955,3.8345482393967716,7.250756390109907,8.94505823822688,7.950128852004374,5.322270115343315,2.752056425583163,1.1189116380422166,0.36291716059052037,0.0950702345159892,0,mid
32255668487775795112050688,400000000,0.9999996372372082,3.6276279180569304e-07,0.40700390579877405,-5841.968068440736,0.9999998072608565,0.9999996797431203,19.78729750000639,131072,1.000002402383285,262144,1.0000011048220707,524288,1.0000003922825955,3.8345482393967716,7.250756390109907,8.94505823822688,7.950128852004374,5.322270115343315,2.752056425583163,1.1189116380422166,0.36291716059052037,0.0950702345159892,1,lo
32500000000000000000000000,400000000,1.000011903209132,-1.1903209131913783e-05,0.04537408711621538,32482.810638427734,1.0000109578349183,1.0000116668655785,19.460653399990406,131072,1.0000141401343712,262144,1.0000125489846448,524288,1.0000121079251116,3.834676709903107,7.251249024716126,8.945989766759,7.951277976072545,5.323291205958421,2.7527397892160876,1.1192649471414375,0.3630608905482423,0.09511695400016586,1,hi
32262894525961091508338688,400000000,0.9999999243528002,7.564719983754742e-08,0.4482261398225091,-10550.245005289704,1.000000231405342,1.0000000011159356,19.626100900000893,131072,1.0000027299417762,262144,1.000001480673559,524288,1.0000007408947473,3.834552053059826,7.250771013792124,8.945085871155944,7.950162619730442,5.3222994451659424,2.752075342863341,1.1189209399359095,0.36292071547222027,0.09507130689330563,1,mid
32262894525961091508338688,400000000,0.9999999243528002,7.564719983754742e-08,0.4482261398225091,-10550.245005289704,1.000000231405342,1.0000000011159356,19.626100900000893,131072,1.0000027299417762,262144,1.000001480673559,524288,1.0000007408947473,3.834552053059826,7.250771013792124,8.945085871155944,7.950162619730442,5.3222994451659424,2.752075342863341,1.1189209399359095,0.36292071547222027,0.09507130689330563,2,lo
32500000000000000000000000,400000000,1.000011903209132,-1.1903209131913783e-05,0.04537408711621538,32482.810638427734,1.0000109578349183,1.0000116668655785,19.460653399990406,131072,1.0000141401343712,262144,1.0000125489846448,524288,1.0000121079251116,3.834676709903107,7.251249024716126,8.945989766759,7.951277976072545,5.323291205958421,2.7527397892160876,1.1192649471414375,0.3630608905482423,0.09511695400016586,2,hi
32264391861322704274587648,400000000,0.9999999955096293,4.490370741905281e-09,0.4466354697942733,-10391.521708170563,1.0000002979427152,1.0000000711179007,19.579565199965145,131072,1.000002798201668,262144,1.0000015480721915,524288,1.0000008095950461,3.8345528431950964,7.250774043607263,8.94509159970713,7.950169671602567,5.322305679030953,2.7520794799294173,1.1189230544168696,0.3629215632212821,0.09507157752010946,2,mid
32264391861322704274587648,400000000,0.9999999955096293,4.490370741905281e-09,0.4466354697942733,-10391.521708170563,1.0000002979427152,1.0000000711179007,19.579565199965145,131072,1.000002798201668,262144,1.0000015480721915,524288,1.0000008095950461,3.8345528431950964,7.250774043607263,8.94509159970713,7.950169671602567,5.322305679030953,2.7520794799294173,1.1189230544168696,0.3629215632212821,0.09507157752010946,3,lo
32500000000000000000000000,400000000,1.000011903209132,-1.1903209131913783e-05,0.04537408711621538,32482.810638427734,1.0000109578349183,1.0000116668655785,19.460653399990406,131072,1.0000141401343712,262144,1.0000125489846448,524288,1.0000121079251116,3.834676709903107,7.251249024716126,8.945989766759,7.951277976072545,5.323291205958421,2.7527397892160876,1.1192649471414375,0.3630608905482423,0.09511695400016586,3,hi
32264480708701852325117952,400000000,1.0000000005462057,-5.462057472982451e-10,0.44610094081144763,-10344.909261067689,1.000000301622691,1.0000000758153271,19.566667500010226,131072,1.0000028018733136,262144,1.0000015517480023,524288,1.0000008137816647,3.8345528900781574,7.250774223382841,8.945091940306556,7.9501700959458566,5.32230606352104,2.7520797441769376,1.1189231951278393,0.3629216221226151,0.09507159714086305,3,mid
