window,q_band,weighted_R_total,R_j1,R_j2,R_j3,R_j4,R_j5,weighted_R_j1,weighted_R_j2,weighted_R_j3,weighted_R_j4,weighted_R_j5
worst_passing,1,-1.6835948531584748,-7.09591719800007,-14.45910630650399,-21.01044655992169,-24.654882618869188,-18.20224759383887,-7.09591719800007,13.49516588607039,-16.80835724793735,14.792929571321512,-6.067415864612956
worst_passing,2,0.33875817567828337,5.745912467366901,20.567325112619375,24.25307039132175,7.159053739184007,-3.954024768372591,5.745912467366901,-19.196170105111417,19.4024563130574,-4.295432243510404,-1.3180082561241968
worst_passing,3,-0.22038288961659402,2.063106020863847,5.50625858842254,2.405806545388348,-5.037649897229688,-6.2746482078036845,2.063106020863847,-5.139174682527704,1.9246452363106785,3.0225899383378128,-2.091549402601228
worst_passing,4,-0.6785630997564106,-3.0852624593436397,-6.102479937726407,-4.581440411036986,-1.3510651871905637,-1.3033060973264998,-3.0852624593436397,5.69564794187798,-3.6651523288295893,0.8106391123143382,-0.4344353657754999
worst_passing,5,-0.6120627476858289,3.0983201940551774,6.685429791877651,2.577478005467823,-3.0464145763865638,-4.081438858584187,3.0983201940551774,-6.239734472419141,2.0619824043742585,1.8278487458319381,-1.3604796195280624
worst_passing,6,-0.643372707328442,5.003050744513778,17.796204574766268,19.94510801652995,7.66283966441094,-1.1850453899133058,5.003050744513778,-16.609790936448515,15.95608641322396,-4.597703798646564,-0.3950151299711019
worst_passing,7,-0.6472962726997858,-0.438231965272295,1.1024712397220355,0.41273807600208023,-2.2764874219200433,-2.6285221929218436,-0.438231965272295,-1.0289731570738998,0.3301904608016642,1.365892453152026,-0.8761740643072812
worst_passing,8,-0.4583351320740192,-0.9449346362457214,-2.7551532329877446,-5.316424739526159,-5.36733405735809,-3.15641246823236,-0.9449346362457214,2.571476350788562,-4.253139791620927,3.220400434414854,-1.0521374894107867
worst_passing,9,-0.4780653061439859,1.470091908582376,9.19967481911258,14.73843739497677,10.381877322012546,3.2297472810144705,1.470091908582376,-8.586363164505075,11.790749915981417,-6.229126393207527,1.0765824270048234
worst_passing,10,0.61746187615587,-2.2724234639566676,-7.202873189136776,-7.596149483794638,-5.141959939378121,-2.5231580390188446,-2.2724234639566676,6.722681643194324,-6.076919587035711,3.0851759636268725,-0.8410526796729482
worst_passing,11,-0.4140679106763009,0.03673626765244142,2.5012434182878183,3.1734111172468156,0.39847164760863407,-1.2478686794771527,0.03673626765244142,-2.3344938570686304,2.538728893797453,-0.23908298856518043,-0.41595622649238423
worst_passing,12,-0.26168268024856756,-0.7929698433721617,-0.10472352897879933,3.6107396442112307,5.710114863789943,2.9130672169450866,-0.7929698433721617,0.09774196038021271,2.888591715368985,-3.4260689182739656,0.9710224056483622
worst_passing,13,1.7632283047072743,2.4258647725427958,2.391261792270843,3.1499092531245223,1.0865234036324343,-0.8964164661086775,2.4258647725427958,-2.2318443394527865,2.519927402499618,-0.6519140421794606,-0.2988054887028925
worst_passing,14,-0.353835519373986,-0.42980713590899766,0.7212850551039844,1.5117462339545158,0.3411769900002688,-0.7665593755941633,-0.42980713590899766,-0.6731993847637188,1.2093969871636128,-0.20470619400016127,-0.25551979186472107
worst_passing,15,-0.3322031759652059,0.7588230893700003,0.1444689893251745,-3.033145358357049,-3.344628306652071,-1.6093477178119389,0.7588230893700003,-0.13483772337016287,-2.4265162866856396,2.0067769839912426,-0.5364492392706462
worst_passing,16,-0.18387750626172528,-1.1096042954885457,-3.5587395117113836,-4.712266387506943,-3.121984491427376,-1.4974230196640272,-1.1096042954885457,3.321490210930625,-3.769813110005554,1.8731906948564254,-0.49914100655467575
worst_passing,17,-0.12003044307419952,0.8717230023828688,0.412444607133442,-1.7290813003336014,-2.1239203220013363,-1.4936768951993291,0.8717230023828688,-0.38494829999121255,-1.3832650402668811,1.2743521932008017,-0.49789229839977633
worst_passing,18,0.7730225045478066,1.0977750007219622,-1.0904893457097593,-3.205678008500584,-2.7703836749795374,-1.3206910510715573,1.0977750007219622,1.0177900559957753,-2.5645424068004674,1.6622302049877224,-0.4402303503571857
worst_passing,19,-0.15296868695989974,0.16333437819759222,0.059269993058655324,-1.041866728672118,-1.6555314683637503,-1.2624297091499084,0.16333437819759222,-0.0553186601880783,-0.8334933829376944,0.9933188810182502,-0.42080990304996946
worst_passing,20,-0.2160106277035641,-1.8024345083428528,-3.858895425191368,-3.948556767113859,-2.5876199576585313,-1.2268152313300575,-1.8024345083428528,3.60163573017861,-3.1588454136910875,1.5525719745951188,-0.4089384104433525
worst_passing,21-50,0.15841994241185142,8.521516153696844,24.835387554842512,32.84926458457964,18.152926250302002,-1.713171232743484,8.521516153696844,-23.179695051186346,26.279411667663716,-10.8917557501812,-0.5710570775811613
worst_passing,51-100,3.900790808910875,6.292303469122082,3.098356806556822,3.403846351459002,1.2568243807060924,-4.406086280505157,6.292303469122082,-2.891799686119701,2.723077081167202,-0.7540946284236554,-1.4686954268350523
worst_passing,101-200,2.683445998024799,2.6715771362918694,-11.937167400511974,-23.20715996448734,-18.653489554514344,-11.26755941959094,2.6715771362918694,11.141356240477842,-18.565727971589872,11.192093732708607,-3.7558531398636466
worst_passing,201-500,0.6440539695732532,-10.237867160011909,-29.74500693009128,-35.077298502499616,-26.033138629537795,-13.31438914266904,-10.237867160011909,27.762006468085193,-28.061838801999695,15.619883177722677,-4.438129714223013
worst_passing,501-1000,-0.6702013468361052,6.493360855081683,0.31786539895675503,-18.86679056358542,-18.488548427483604,-8.599753305539931,6.493360855081683,-0.296674372359638,-15.093432450868335,11.093129056490161,-2.866584435179977
worst_passing,1001-2000,1.3409201178086625,-3.635894565539793,-16.267378529975062,-19.74985841000798,-12.587644531848976,-5.876315807193809,-3.635894565539793,15.182886627976725,-15.799886728006385,7.552586719109385,-1.9587719357312694
worst_passing,2001-5000,1.1293104877292772,-0.7411118628480864,-5.839529182616658,-14.041946044981088,-17.05777619068976,-7.742741294881507,-0.7411118628480864,5.450227237108881,-11.23355683598487,10.234665714413856,-2.5809137649605023
worst_passing,5001-10000,2.8435903892027774,-4.170797686962786,-8.453422505550591,-2.136376746889404,-2.758215760810579,-2.4639029639694376,-4.170797686962786,7.889861005180552,-1.7091013975115232,1.6549294564863473,-0.8213009879898125
worst_passing,10001-20000,7.736344981164493,2.802262543067826,11.386070578635753,38.043282725148245,81.8584907030232,102.72464965955605,2.802262543067826,-10.626999206726703,30.4346261801186,-49.115094421813914,34.24154988651868
worst_passing,20001-50000,0.585946790914436,-1.6119869719015014,2.926002686277883,21.862664910618847,32.46584239650379,20.75472933824747,-1.6119869719015014,-2.730935840526024,17.490131928495078,-19.479505437902272,6.918243112749156
worst_passing,50001-100000,2.453097779413575,-0.20132499079868182,-3.0996372049003753,1.2788439630544914,1.9996845260003155,-0.18550922761449073,-0.20132499079868182,2.8929947245736836,1.0230751704435932,-1.1998107156001894,-0.061836409204830245
worst_passing,100001-200000,0.03047619047619521,-0.057142857142849834,0.1428571428571459,0.27619047619047654,0.0,0.0,-0.057142857142849834,-0.1333333333333362,0.22095238095238123,-0.0,0.0
worst_passing,200001-500000,0.6666666666666856,0.6666666666666856,0.0,0.0,0.0,0.0,0.6666666666666856,-0.0,0.0,-0.0,0.0
worst_failing_L_minus_1,1,-1.6777544571146432,-7.044520990332703,-14.337727517996107,-20.872312425497213,-24.553463481736955,-18.148021896668126,-7.044520990332703,13.381879016796367,-16.69784994039777,14.732078089042172,-6.049340632222709
worst_failing_L_minus_1,2,0.342324864061085,4.777252844688231,17.640042951205874,21.33426458469414,6.217470481538999,-3.92345181500073,4.777252844688231,-16.46404008779215,17.067411667755312,-3.7304822889233993,-1.3078172716669099
worst_failing_L_minus_1,3,-0.21777321470716027,1.085962527204364,1.5586722493218268,-3.536407793602354,-8.996632889819876,-7.253485424663584,1.085962527204364,-1.454760766033705,-2.8291262348818833,5.397979733891925,-2.417828474887861
worst_failing_L_minus_1,4,-0.6764866382907209,-3.0671415834885396,-6.061297124586439,-4.53647509029263,-1.3194767851772475,-1.287185109865307,-3.0671415834885396,5.65721064961401,-3.629180072234104,0.7916860711063485,-0.4290617032884357
worst_failing_L_minus_1,5,-0.6103268668306969,3.113414004300579,6.719482401105591,2.6143642509781415,-3.020720421459732,-4.0684428512732325,3.113414004300579,-6.271516907698551,2.0914914007825134,1.812432252875839,-1.3561476170910773
worst_failing_L_minus_1,6,-0.6418977558178162,5.015830665883311,17.824858783014946,19.975938942318862,7.684162325115786,-1.1743419490183893,5.015830665883311,-16.636534864147283,15.98075115385509,-4.610497395069471,-0.39144731633946306
worst_failing_L_minus_1,7,-0.5793151228122504,-1.426880988379013,-0.8722153874895202,-0.5601845277728774,-2.2578774796645,-2.6192420850115625,-1.426880988379013,0.8140676949902189,-0.44814762221830196,1.3547264877986998,-0.8730806950038541
worst_failing_L_minus_1,8,-0.45716291945999643,-0.9348452893499499,-2.7327615367397122,-5.292597566279293,-5.351049315523422,-3.1483398020731914,-0.9348452893499499,2.550577434290398,-4.234078053023434,3.210629589314053,-1.0494466006910637
worst_failing_L_minus_1,9,-0.47701313571055604,1.479119806514389,9.219624499882118,14.759566711102135,10.396245922212003,3.2368323263315726,1.479119806514389,-8.604982866556643,11.80765336888171,-6.2377475533272015,1.0789441087771907
worst_failing_L_minus_1,10,0.6184402345288744,-2.264054094483635,-7.184451518576329,-7.576721991508718,-5.128809146694289,-2.51670494940499,-2.264054094483635,6.705488084004574,-6.0613775932069744,3.077285488016573,-0.8389016498016633
worst_failing_L_minus_1,11,-0.41317941644609213,0.044314947274815,2.517864279110615,3.190870423852332,0.4102402623206327,-1.2421196547214581,0.044314947274815,-2.3500066605032406,2.5526963390818658,-0.2461441573923796,-0.4140398849071527
worst_failing_L_minus_1,12,-0.2608429120978841,-0.7858266979926931,-0.0891104253241215,3.6270804635355036,5.721086437028329,2.91840464094267,-0.7858266979926931,0.0831697303025134,2.901664370828403,-3.4326518622169973,0.9728015469808899
worst_failing_L_minus_1,13,1.7640043618989802,2.4324482385976687,2.4056063912675913,3.1648711220423627,1.0965322951832506,-0.8915662961186315,2.4324482385976687,-2.2452326318497517,2.5318968976338905,-0.6579193771099503,-0.29718876537287714
worst_failing_L_minus_1,14,-0.3531010721803681,-0.42359279540795436,0.7347856048351771,1.5257826885991292,0.3505345936064046,-0.762041320925128,-0.42359279540795436,-0.6857998978461652,1.2206261508793035,-0.21032075616384274,-0.2540137736417093
worst_failing_L_minus_1,15,-0.3315240544580499,0.7645549996273626,0.15688722720413661,-3.0202728638343963,-3.336074270062169,-1.6052317389940065,0.7645549996273626,-0.14642807872386085,-2.4162182910675174,2.0016445620373013,-0.5350772463313355
worst_failing_L_minus_1,16,-0.18323672832584936,-1.1042088880832042,-3.5470803313745254,-4.700214555313832,-3.1139998763597863,-1.4935932932710245,-1.1042088880832042,3.3106083092828906,-3.760171644251066,1.8683999258158717,-0.4978644310903415
worst_failing_L_minus_1,17,-0.11938245387622504,0.8771661660596388,0.4241774853760667,-1.7169864632483467,-2.1159307559604095,-1.4898567496873096,0.8771661660596388,-0.3958989863509956,-1.3735891705986774,1.2695584535762456,-0.4966189165624365
worst_failing_L_minus_1,18,0.7736030096512668,1.1026400262955625,-1.0800277361299422,-3.1949217987601743,-2.763298294736624,-1.317313324598228,1.1026400262955625,1.0080258870546128,-2.5559374390081397,1.6579789768419742,-0.43910444153274264
worst_failing_L_minus_1,19,-0.1524069597127723,1.1680317327290557,3.0693485864267918,1.9684705263884261,-0.6487398277797003,-1.2592009886661504,1.1680317327290557,-2.8647253473316723,1.574776421110741,0.38924389666782017,-0.4197336628887168
worst_failing_L_minus_1,20,-0.2154581708552198,-1.7978247014161448,-3.8490261274287265,-3.938458156456281,-2.5810020038026313,-1.2236775964673205,-1.7978247014161448,3.592424385600145,-3.150766525165025,1.5486012022815787,-0.4078925321557735
worst_failing_L_minus_1,21-50,0.16892696728208167,8.607138874531351,25.01483669153066,33.02867823014316,18.267624648638837,-1.6601963702556368,8.607138874531351,-23.347180912095283,26.422942584114526,-10.960574789183301,-0.5533987900852122
worst_failing_L_minus_1,51-100,3.843244029348422,7.363167143114062,5.241327761015775,4.540920913220056,1.3405665178398891,-4.369242070069083,7.363167143114062,-4.89190591028139,3.632736730576045,-0.8043399107039334,-1.456414023356361
worst_failing_L_minus_1,101-200,2.6939742691296007,2.749143435176009,-11.786432957032432,-23.068522726726528,-18.572534338262425,-11.233627042558727,2.749143435176009,11.000670759896936,-18.454818181381224,11.143520602957455,-3.7445423475195754
worst_failing_L_minus_1,201-500,0.5939839253202379,-9.124726834794494,-27.535940416203573,-33.895515130370484,-25.933309630485212,-13.275221907010035,-9.124726834794494,25.700211055123336,-27.116412104296387,15.559985778291127,-4.4250739690033445
worst_failing_L_minus_1,501-1000,-0.6551880441587281,6.586728218623712,0.48073530842234646,-18.734138925315364,-18.420802779331474,-8.575201506804534,6.586728218623712,-0.4486862878608567,-14.987311140252292,11.052481667598885,-2.8584005022681778
worst_failing_L_minus_1,1001-2000,1.358803527566997,-3.5345239912033932,-16.1004542882104,-19.62262092046832,-12.52731807524578,-5.85617177699638,-3.5345239912033932,15.027090668996374,-15.698096736374659,7.516390845147468,-1.9520572589987932
worst_failing_L_minus_1,2001-5000,1.1588177925347471,-1.5934363849379736,-8.614875655295393,-16.885828535914655,-17.99113226181331,-7.722938887477718,-1.5934363849379736,8.040550611609033,-13.508662828731724,10.794679357087984,-2.5743129624925727
worst_failing_L_minus_1,5001-10000,2.810912834925166,-5.024580813083098,-9.252774366150192,-2.013265808917822,-2.7127983291972555,-2.452486332348032,-5.024580813083098,8.63592274174018,-1.610612647134258,1.6276789975183532,-0.8174954441160107
worst_failing_L_minus_1,10001-20000,7.774529947112072,0.943433227100904,8.558996229329779,37.135243638894664,81.88698561171111,102.73046896988967,0.943433227100904,-7.988396480707793,29.708194911115733,-49.132191367026664,34.24348965662989
worst_failing_L_minus_1,20001-50000,0.7199980778942097,-0.40581820726747253,4.141025697310411,21.955087762509848,32.487668886538316,20.75791417369952,-0.40581820726747253,-3.864957317489717,17.56407021000788,-19.492601331922987,6.919304724566506
worst_failing_L_minus_1,50001-100000,2.573337086030599,0.07796228539262984,-2.881991073941549,1.3395118813075477,2.0073579671102895,-0.18503477946202404,0.07796228539262984,2.689858335678779,1.0716095050460381,-1.2044147802661735,-0.06167825982067468
worst_failing_L_minus_1,100001-200000,1.1809523809523674,0.2857142857142776,-0.7142857142857082,0.28571428571428603,0.0,0.0,0.2857142857142776,0.666666666666661,0.22857142857142884,-0.0,0.0
worst_failing_L_minus_1,200001-500000,0.0,0.0,0.0,0.0,0.0,0.0,0.0,-0.0,0.0,-0.0,0.0
median_passing,1,-1.9502615198251458,-6.09591719800007,-18.45910630650399,-35.01044655992169,-36.65488261886919,-21.20224759383887,-6.09591719800007,17.228499219403723,-28.008357247937354,21.99292957132151,-7.067415864612956
median_passing,2,-0.5279084909883838,0.7459124673669013,5.5673251126193755,5.253070391321749,-2.8409462608159934,-5.954024768372591,0.7459124673669013,-5.196170105111417,4.202456313057399,1.704567756489596,-1.9846749227908635
median_passing,3,1.0462837770500741,1.063106020863847,6.50625858842254,14.405806545388348,8.962350102770312,-0.2746482078036845,1.063106020863847,-6.072508015861037,11.524645236310679,-5.377410061662187,-0.09154940260122815
median_passing,4,-1.0118964330897446,2.9147375406563603,8.897520062273593,4.418559588963014,-4.351065187190564,-5.3033060973265,2.9147375406563603,-8.30435205812202,3.534847671170411,2.610639112314338,-1.7677686991088333
median_passing,5,3.2546039189808376,5.0983201940551774,3.6854297918776506,-0.4225219945321772,-6.046414576386564,-5.081438858584187,5.0983201940551774,-3.4397344724191408,-0.3380175956257418,3.627848745831938,-1.6938129528613957
median_passing,6,0.28996062600488814,-0.9969492554862223,-4.203795425233732,-7.05489198347005,-7.33716033558906,-4.185045389913306,-0.9969492554862223,3.923542396884817,-5.643913586776041,4.402296201353436,-1.3950151299711018
median_passing,7,0.6193703939668808,2.561768034727705,5.1024712397220355,4.41273807600208,-0.2764874219200433,-2.6285221929218436,2.561768034727705,-4.762306490407234,3.5301904608016645,0.16589245315202597,-0.8761740643072812
median_passing,8,-0.45833513207401944,-1.9449346362457214,-1.7551532329877446,-0.316424739526159,-1.3673340573580903,-2.15641246823236,-1.9449346362457214,1.6381430174552283,-0.2531397916209272,0.8204004344148542,-0.7188041560774533
median_passing,9,-0.2780653061439875,1.470091908582376,3.1996748191125812,0.7384373949767706,-2.6181226779874534,-2.7702527189855295,1.470091908582376,-2.9863631645050757,0.5907499159814166,1.570873606792472,-0.9234175729951765
median_passing,10,-0.4492047905107964,0.7275765360433324,0.7971268108632241,-2.5961494837946377,-4.141959939378121,-2.5231580390188446,0.7275765360433324,-0.7439850234723425,-2.0769195870357104,2.4851759636268724,-0.8410526796729482
median_passing,11,0.785932089323699,2.0367362676524414,2.5012434182878183,2.1734111172468156,0.39847164760863407,-1.2478686794771527,2.0367362676524414,-2.3344938570686304,1.7387288937974525,-0.23908298856518043,-0.41595622649238423
median_passing,12,-0.2616826802485678,1.2070301566278383,3.8952764710212007,2.6107396442112307,-1.2898851362100574,-2.0869327830549134,1.2070301566278383,-3.6355913729531206,2.0885917153689846,0.7739310817260344,-0.6956442610183045
median_passing,13,-0.3034383619593929,0.42586477254279576,4.391261792270843,6.149909253124522,2.0865234036324343,-0.8964164661086775,0.42586477254279576,-4.098511006119454,4.919927402499618,-1.2519140421794606,-0.2988054887028925
median_passing,14,-0.35383551937398594,0.5701928640910023,3.7212850551039844,4.511746233954516,1.3411769900002688,-0.7665593755941633,0.5701928640910023,-3.473199384763719,3.609396987163613,-0.8047061940001613,-0.25551979186472107
median_passing,15,-0.3322031759652052,-0.24117691062999969,1.1444689893251745,1.9668546416429509,0.655371693347929,-0.6093477178119389,-0.24117691062999969,-1.068171056703496,1.5734837133143609,-0.39322301600875736,-0.20311590593731293
median_passing,16,0.8161224937382747,1.8903957045114543,2.4412604882886164,1.2877336124930574,-1.121984491427376,-1.4974230196640272,1.8903957045114543,-2.2785097890693753,1.030186889994446,0.6731906948564256,-0.49914100655467575
median_passing,17,0.7466362235924667,-1.1282769976171312,-4.587555392866558,-4.729081300333601,-3.1239203220013363,-1.4936768951993291,-1.1282769976171312,4.281718366675454,-3.7832650402668815,1.8743521932008016,-0.49789229839977633
median_passing,18,-0.22697749545219298,1.0977750007219622,2.9095106542902407,2.794321991499416,1.2296163250204626,-0.32069105107155726,1.0977750007219622,-2.715543277337558,2.235457593199533,-0.7377697950122776,-0.10689701702385242
median_passing,19,1.8470313130400997,1.1633343781975922,-2.9407300069413447,-4.041866728672118,-2.6555314683637503,-1.2624297091499084,1.1633343781975922,2.7446813398119216,-3.2334933829376946,1.5933188810182501,-0.42080990304996946
median_passing,20,-0.21601062770356388,-0.8024345083428528,-0.8588954251913679,-0.9485567671138591,-1.5876199576585313,-1.2268152313300575,-0.8024345083428528,0.80163573017861,-0.7588454136910873,0.9525719745951187,-0.4089384104433525
median_passing,21-50,2.6250866090785205,17.521516153696844,33.83538755484251,34.84926458457964,22.152926250302002,6.286828767256516,17.521516153696844,-31.579695051186345,27.879411667663717,-13.291755750181201,2.0956095890855053
median_passing,51-100,1.5007908089108772,7.292303469122082,20.098356806556822,27.403846351459002,20.256824380706092,9.593913719494843,7.292303469122082,-18.758466352786368,21.923077081167204,-12.154094628423655,3.197971239831614
median_passing,101-200,-3.3832206686418647,-7.328422863708131,3.0628325994880257,17.79284003551266,13.346510445485656,1.73244058040906,-7.328422863708131,-2.8586437595221574,14.23427202841013,-8.007906267291393,0.5774801934696866
median_passing,201-500,-2.689279363760077,-3.237867160011909,-4.745006930091279,-4.077298502499616,6.966861370462205,10.68561085733096,-3.237867160011909,4.42867313475186,-3.261838801999693,-4.180116822277323,3.561870285776987
median_passing,501-1000,2.5964653198305596,-3.506639144918317,-23.682134601043245,-32.86679056358542,-22.488548427483604,-9.599753305539931,-3.506639144918317,22.103325627640363,-26.293432450868337,13.493129056490162,-3.19991776851331
median_passing,1001-2000,-1.0590798821913379,0.3641054344602068,4.732621470024938,1.250141589992019,-6.5876445318489765,-5.876315807193809,0.3641054344602068,-4.417113372023276,1.0001132719936152,3.9525867191093855,-1.9587719357312694
median_passing,2001-5000,-3.8040228456040532,-3.7411118628480864,3.1604708173833416,11.958053955018912,12.942223809310239,3.2572587051184927,-3.7411118628480864,-2.949772762891119,9.56644316401513,-7.7653342855861425,1.0857529017061642
median_passing,5001-10000,3.9769237225361107,1.8292023130372144,-3.4534225055505914,-2.136376746889404,-0.7582157608105788,0.5360970360305624,1.8292023130372144,3.2231943385138853,-1.7091013975115232,0.4549294564863473,0.17869901201018745
median_passing,10001-20000,-1.330321685502179,0.8022625430678261,5.386070578635753,9.043282725148245,9.858490703023193,4.724649659556052,0.8022625430678261,-5.026999206726702,7.234626180118596,-5.915094421813916,1.5748832198520173
median_passing,20001-50000,1.0526134575810988,-0.6119869719015014,-5.073997313722117,-4.137335089381153,-0.5341576034962081,-0.24527066175253287,-0.6119869719015014,4.735730826140642,-3.3098680715049227,0.32049456209772487,-0.08175688725084429
median_passing,50001-100000,-3.4802355539197585,-1.2013249907986818,0.9003627950996247,-1.7211560369455086,-0.0003154739996844569,-0.18550922761449073,-1.2013249907986818,-0.8403386087596497,-1.376924829556407,0.00018928439981067414,-0.061836409204830245
median_passing,100001-200000,1.0304761904761952,0.9428571428571502,0.1428571428571459,0.27619047619047654,0.0,0.0,0.9428571428571502,-0.1333333333333362,0.22095238095238123,-0.0,0.0
median_passing,200001-500000,-0.3333333333333144,-0.3333333333333144,0.0,0.0,0.0,0.0,-0.3333333333333144,-0.0,0.0,-0.0,0.0
