max_R,min_certificate,worst_start,fail_windows,R_median,R_q90,R_q99,R_q999,model,trial,seed
109.47231741115694,-89.2,979412,22805,-0.72768258884307,8.138984077823597,33.00565074449026,87.5389840778236,uniform,1,13429448149543749704
177.67231741115694,-157.4,103865,19100,-1.1276825888430686,8.205650744490264,25.405650744490263,93.60565074449026,uniform,2,654489455647505135
285.53898407782356,-265.26666666666665,738247,17416,-0.9276825888430693,7.5389840778235975,25.27231741115693,81.60565074449026,uniform,3,6618614526801382215
98.3389840778236,-78.06666666666666,575694,20756,-0.9943492555097357,8.27231741115693,27.405650744490263,89.1389840778236,uniform,4,16383558136999202022
81.47231741115694,-61.2,679958,18030,-0.7943492555097365,8.005650744490262,25.872317411156928,48.5389840778236,uniform,5,11972638422273130425
120.7389840778236,-100.46666666666667,662698,18474,-0.8610159221764029,8.07231741115693,25.605650744490262,84.29838407781993,uniform,6,9422953212362058280
175.9389840778236,-155.66666666666666,410631,19463,-0.9276825888430693,8.138984077823597,27.605650744490262,92.67231741115694,uniform,7,14313603868592645910
176.60565074449028,-156.33333333333334,412571,22311,-0.7943492555097365,8.138984077823597,28.5389840778236,87.1389840778236,uniform,8,6063938839846445032
94.00565074449027,-73.73333333333333,539336,20440,-0.9276825888430693,7.938984077823596,26.138984077823597,57.338984077823596,uniform,9,2174959700052425482
173.5389840778236,-153.26666666666668,14323,21329,-0.9276825888430693,8.338984077823596,28.205650744490264,61.205650744490256,uniform,10,14048621895664392185
174.87231741115693,-154.6,387762,19080,-0.8610159221764029,7.938984077823596,25.872317411156928,82.40565074449026,uniform,11,1242139564026159251
95.3389840778236,-75.06666666666666,621174,18482,-0.8610159221764029,8.005650744490262,25.47231741115693,50.805650744490265,uniform,12,8707273500827646467
101.3389840778236,-81.06666666666666,350838,18993,-0.7943492555097365,8.205650744490264,25.27231741115693,88.7389840778236,uniform,13,14075945122134914314
95.80565074449026,-75.53333333333333,489901,14908,-0.9276825888430693,7.5389840778235975,22.805650744490265,58.93898407782359,uniform,14,16601869682840745810
94.9389840778236,-74.66666666666667,395275,17803,-0.7943492555097365,8.205650744490264,23.805650744490265,54.29838407781993,uniform,15,6125273720180884520
101.5389840778236,-81.26666666666667,338675,22143,-0.8610159221764029,8.005650744490262,30.138984077823597,87.67231741115694,uniform,16,17650198933150359458
100.5389840778236,-80.26666666666667,15852,24583,-0.8610159221764029,8.47231741115693,34.47231741115693,54.805650744490265,uniform,17,17052203730736473688
101.40565074449027,-81.13333333333334,962306,20052,-0.8610159221764029,7.938984077823596,25.005650744490264,84.43171741115327,uniform,18,8057768030829828420
170.7389840778236,-150.46666666666667,858649,20543,-0.9943492555097357,8.205650744490264,28.872317411156928,54.138984077823594,uniform,19,17892911531743763324
92.80565074449026,-72.53333333333333,283868,18995,-1.0610159221764022,7.938984077823596,25.07231741115693,48.47231741115693,uniform,20,17808163220771216140
162.27231741115693,-142.0,204702,19598,-0.72768258884307,8.27231741115693,26.07231741115693,54.138984077823594,uniform,21,5053919419842168106
171.60565074449028,-151.33333333333334,654668,17419,-0.9276825888430693,8.47231741115693,24.27231741115693,52.60565074449026,uniform,22,5268627978043286199
102.5389840778236,-82.26666666666667,645652,18861,-0.8610159221764029,8.205650744490264,24.538984077823596,59.69838407781993,uniform,23,17810266434497161093
181.00565074449025,-160.73333333333332,877150,17070,-0.8610159221764029,7.87231741115693,24.605650744490262,90.67231741115694,uniform,24,5457879368817183138
69.00565074449027,-48.733333333333334,190083,17756,-0.9276825888430693,8.005650744490262,24.338984077823596,51.1650507444866,uniform,25,14522195495049473902
101.60565074449026,-81.33333333333333,677986,16941,-0.8610159221764029,7.605650744490264,23.67231741115693,49.338984077823596,uniform,26,15164071724502618051
172.1389840778236,-151.86666666666667,536500,18063,-1.0610159221764022,7.738984077823597,26.138984077823597,55.07231741115693,uniform,27,1095734666785547918
171.40565074449026,-151.13333333333333,879909,21775,-0.8610159221764029,7.938984077823596,26.738984077823595,91.7389840778236,uniform,28,8831732822205739675
99.07231741115693,-78.8,266232,18111,-0.9276825888430693,8.27231741115693,24.405650744490263,92.27231741115693,uniform,29,2060645563191172025
100.3389840778236,-80.06666666666666,626593,15670,-0.8610159221764029,7.67231741115693,23.738984077823595,53.338984077823596,uniform,30,10005628822224780695
98.40565074449027,-78.13333333333334,389722,18911,-0.8610159221764029,8.345650744488712,26.405650744490263,53.93898407782359,uniform,31,1149243824635878920
134.60565074449025,-114.33333333333333,562389,20731,-0.9276825888430693,7.67231741115693,28.5389840778236,52.40565074449026,uniform,32,14010337148789434687
97.40565074449027,-77.13333333333334,995252,16339,-0.9943492555097357,7.5389840778235975,23.938984077823598,48.5389840778236,uniform,33,2695261746004246540
103.00565074449027,-82.73333333333333,408761,20203,-0.9276825888430693,8.005650744490262,29.138984077823597,82.40565074449026,uniform,34,1122265878850096961
172.80565074449026,-152.53333333333333,146500,14388,-1.0610159221764022,7.472317411156929,23.67231741115693,96.36505074448661,uniform,35,17241154326776197027
94.87231741115693,-74.6,381398,17577,-0.9943492555097357,8.07231741115693,24.07231741115693,84.5389840778236,uniform,36,17168738959795029436
64.80565074449026,-44.53333333333333,288388,16718,-0.9943492555097357,7.805650744490263,24.005650744490264,51.61718407781261,uniform,37,2603053954296272380
110.80565074449026,-90.53333333333333,726851,16459,-0.9276825888430693,8.27231741115693,23.538984077823596,49.831717411153264,uniform,38,17251848433485109764
111.47231741115694,-91.2,884322,17848,-0.9943492555097357,8.27231741115693,24.805650744490265,92.07231741115693,uniform,39,2147676241649231079
96.00565074449027,-75.73333333333333,201873,18670,-1.0610159221764022,7.805650744490263,25.005650744490264,56.03171741115327,uniform,40,13194349143828874386
97.1389840778236,-76.86666666666666,574870,20348,-0.8610159221764029,8.27231741115693,26.07231741115693,55.7389840778236,uniform,41,4593750618322779610
167.60565074449028,-147.33333333333334,545199,19161,-0.9943492555097357,7.805650744490263,25.005650744490264,92.00565074449027,uniform,42,9226705772181374165
175.47231741115692,-155.2,973815,20754,-0.7943492555097365,8.07231741115693,29.27231741115693,90.60565074449026,uniform,43,4699857250292667841
108.47231741115694,-88.2,109046,17573,-0.9943492555097357,7.87231741115693,25.938984077823598,87.7650507444866,uniform,44,16540815585529415604
99.00565074449027,-78.73333333333333,548667,17714,-0.8610159221764029,8.27231741115693,24.47231741115693,67.23171741115327,uniform,45,9558739336293505974
100.20565074449027,-79.93333333333334,177019,20289,-0.8610159221764029,8.07231741115693,26.405650744490263,55.5389840778236,uniform,46,17315193449335715945
101.80565074449026,-81.53333333333333,652405,20890,-0.8610159221764029,8.67231741115693,27.005650744490264,55.672317411156925,uniform,47,1806005878972806933
104.60565074449026,-84.33333333333333,644705,19802,-0.8610159221764029,8.27231741115693,24.872317411156928,52.29838407781993,uniform,48,2363637113911169719
94.47231741115694,-74.2,518958,19235,-0.9276825888430693,7.938984077823596,24.538984077823596,52.20565074449026,uniform,49,7743596886023264804
165.47231741115692,-145.2,896412,16173,-0.7943492555097365,8.07231741115693,23.005650744490264,52.7389840778236,uniform,50,10673223809566102092
104.3389840778236,-84.06666666666666,884650,20491,-0.7943492555097365,8.205650744490264,26.138984077823597,90.9389840778236,uniform,51,14413751282253952044
104.60565074449026,-84.33333333333333,549289,17756,-0.8610159221764029,8.005650744490262,24.805650744490265,55.80265074447195,uniform,52,18430124290723235976
94.3389840778236,-74.06666666666666,669096,17034,-0.9943492555097357,8.338984077823596,24.07231741115693,50.138984077823594,uniform,53,16657168272117680621
104.60565074449026,-84.33333333333333,141860,21504,-0.8610159221764029,8.47231741115693,27.07231741115693,89.3389840778236,uniform,54,1905261976061308272
172.60565074449028,-152.33333333333334,863583,17859,-0.9276825888430693,8.138984077823597,24.405650744490263,64.5650507444866,uniform,55,17579865502794581295
172.20565074449027,-151.93333333333334,797442,21196,-1.0610159221764022,7.87231741115693,25.738984077823595,52.27231741115693,uniform,56,16810219245519978699
74.47231741115694,-54.2,951920,21515,-0.9276825888430693,8.005650744490262,27.405650744490263,53.40565074449026,uniform,57,17727297950050456629
96.7389840778236,-76.46666666666667,757850,18218,-0.9943492555097357,8.205650744490264,24.47231741115693,50.47231741115693,uniform,58,12280759125770512069
89.60565074449026,-69.33333333333333,928460,20322,-0.7943492555097365,8.27231741115693,25.672317411156932,51.672317411156925,uniform,59,17274514349122069055
97.9389840778236,-77.66666666666667,479478,17710,-0.7943492555097365,7.738984077823597,23.538984077823596,47.60565074449026,uniform,60,9169926221389230890
292.73898407782355,-272.46666666666664,550521,19936,-0.9276825888430693,8.07231741115693,27.27231741115693,97.67231741115694,uniform,61,12692306265315498601
97.40565074449027,-77.13333333333334,412406,17681,-0.9276825888430693,7.738984077823597,25.538984077823596,54.27231741115693,uniform,62,912723564994218050
103.80565074449026,-83.53333333333333,38235,23113,-0.8610159221764029,8.605650744490264,27.932984077825772,54.5389840778236,uniform,63,7340599011895167585
462.53898407782356,-442.26666666666665,856949,19957,-0.9276825888430693,8.138984077823597,26.805650744490265,56.00565074449027,uniform,64,16763647181811983526
107.3389840778236,-87.06666666666666,114285,21102,-0.8610159221764029,8.47231741115693,30.338984077823596,87.00565074449027,uniform,65,11848539689456647535
287.9389840778236,-267.6666666666667,237343,19313,-0.9276825888430693,7.738984077823597,25.605650744490262,94.29838407781993,uniform,66,14918573513556145926
59.338984077823596,-39.06666666666667,494348,16283,-0.9276825888430693,7.938984077823596,24.138984077823597,51.138984077823594,uniform,67,5745142070703483904
60.672317411156925,-40.4,756338,13438,-1.1276825888430686,7.5389840778235975,22.205650744490264,45.738984077823595,uniform,68,6833221639398671370
107.7389840778236,-87.46666666666667,190251,17030,-0.9276825888430693,7.738984077823597,24.738984077823595,89.47231741115694,uniform,69,15060255819091035987
103.3389840778236,-83.06666666666666,233998,22940,-0.7943492555097365,8.205650744490264,28.405650744490263,53.87231741115693,uniform,70,8732927878075605085
177.00565074449025,-156.73333333333332,107091,14498,-0.72768258884307,7.87231741115693,23.47231741115693,55.00565074449027,uniform,71,6033799109011135140
59.7389840778236,-39.46666666666667,746423,21845,-1.0610159221764022,8.205650744490264,26.47231741115693,49.805650744490265,uniform,72,13904830441241163781
74.00565074449027,-53.733333333333334,74968,21082,-0.9276825888430693,8.27231741115693,29.07231741115693,54.93898407782359,uniform,73,5595438618765515791
111.27231741115693,-91.0,965911,18194,-0.9943492555097357,7.938984077823596,24.872317411156928,51.20565074449026,uniform,74,12366644277280904214
98.47231741115694,-78.2,179909,24090,-0.8610159221764029,8.47231741115693,28.5389840778236,53.138984077823594,uniform,75,8815263277912166396
102.67231741115694,-82.4,257308,21110,-0.7943492555097365,8.27231741115693,27.338984077823596,57.365050744486595,uniform,76,10448014934585914817
105.9389840778236,-85.66666666666667,323519,18211,-0.9943492555097357,8.07231741115693,25.672317411156932,51.87231741115693,uniform,77,8241117507303512693
180.20565074449027,-159.93333333333334,876486,16842,-0.9276825888430693,7.805650744490263,26.138984077823597,97.67231741115694,uniform,78,9081345859371628542
97.5389840778236,-77.26666666666667,42612,19181,-0.9276825888430693,8.138984077823597,25.005650744490264,87.67231741115694,uniform,79,8048001190188274897
170.07231741115694,-149.8,268072,19068,-0.8610159221764029,7.938984077823596,25.805650744490265,91.5389840778236,uniform,80,7164757769105214229
96.27231741115693,-76.0,638960,19253,-0.8610159221764029,8.005650744490262,28.805650744490265,83.93898407782359,uniform,81,5225123166932277096
63.87231741115693,-43.6,571767,21523,-0.8610159221764029,8.338984077823596,30.338984077823596,51.47231741115693,uniform,82,14276197416223855692
181.1389840778236,-160.86666666666667,544377,19990,-0.9276825888430693,8.138984077823597,27.538984077823596,59.40565074449026,uniform,83,7541296211184330870
97.7389840778236,-77.46666666666667,832931,20784,-0.9276825888430693,8.005650744490262,25.205650744490264,66.29838407781993,uniform,84,14536127255201632630
56.205650744490256,-35.93333333333333,77546,19964,-1.0610159221764022,8.005650744490262,25.538984077823596,48.07231741115693,uniform,85,3630830006288927859
90.00565074449027,-69.73333333333333,104361,18968,-0.9943492555097357,7.87231741115693,25.47231741115693,51.00565074449027,uniform,86,15470511143632938280
171.00565074449025,-150.73333333333332,767720,19163,-0.72768258884307,7.938984077823596,26.138984077823597,93.40565074449027,uniform,87,12687623199101602464
99.67231741115694,-79.4,864051,18232,-1.1276825888430686,7.738984077823597,26.538984077823596,83.67231741115693,uniform,88,15053736847569090239
109.3389840778236,-89.06666666666666,150296,16056,-0.8610159221764029,7.87231741115693,23.87231741115693,55.138984077823594,uniform,89,10946776174760604745
164.9389840778236,-144.66666666666666,723219,19678,-0.7943492555097365,7.938984077823596,26.805650744490265,88.87231741115693,uniform,90,5902169455799456720
95.07231741115693,-74.8,255728,18688,-0.8610159221764029,8.07231741115693,24.805650744490265,52.5389840778236,uniform,91,1200697233756374787
107.7389840778236,-87.46666666666667,794816,19066,-0.7943492555097365,8.138984077823597,25.538984077823596,85.3389840778236,uniform,92,14429855470499674906
100.00565074449027,-79.73333333333333,808452,18742,-1.0610159221764022,7.938984077823596,24.538984077823596,48.60565074449026,uniform,93,8104497589530584752
172.7389840778236,-152.46666666666667,872510,22644,-0.8610159221764029,8.205650744490264,28.405650744490263,89.60565074449026,uniform,94,10496429244065856064
98.9389840778236,-78.66666666666667,333220,17572,-0.9943492555097357,7.5389840778235975,24.738984077823595,51.805650744490265,uniform,95,11126687222191146219
97.47231741115694,-77.2,748015,23198,-0.9943492555097357,8.405650744490263,27.672317411156932,87.63171741115328,uniform,96,15689249321920698649
97.7389840778236,-77.46666666666667,220268,21167,-0.8610159221764029,8.07231741115693,28.5389840778236,61.805650744490265,uniform,97,15337533159845488304
174.47231741115692,-154.2,729890,17395,-0.8610159221764029,7.805650744490263,23.47231741115693,85.00565074449027,uniform,98,11456988543798685732
104.47231741115694,-84.2,378357,23693,-1.0610159221764022,8.138984077823597,31.13298407782577,91.00565074449027,uniform,99,2648050754682924088
104.3389840778236,-84.06666666666666,168009,20870,-0.7943492555097365,8.338984077823596,25.605650744490262,53.338984077823596,uniform,100,11911000891909793527
93.5389840778236,-73.26666666666667,560000,19707,-1.0610159221764022,8.67231741115693,25.138984077823597,53.07231741115693,independent_square,1,3760684019240542450
95.27231741115693,-75.0,156800,16899,-0.9276825888430693,8.27231741115693,24.005650744490264,50.5389840778236,independent_square,2,11152968823687245083
176.1389840778236,-155.86666666666667,749981,15698,-0.9276825888430693,7.67231741115693,23.405650744490263,88.5389840778236,independent_square,3,5673012824866946814
99.07231741115693,-78.8,435900,20879,-0.9276825888430693,8.07231741115693,27.27231741115693,62.27231741115693,independent_square,4,15598168032123741713
143.67231741115694,-123.4,454523,17749,-0.7943492555097365,7.938984077823596,24.738984077823595,86.60565074449026,independent_square,5,13424278471330186248
113.47231741115694,-93.2,803357,21250,-0.9276825888430693,8.005650744490262,26.805650744490265,55.89838407781993,independent_square,6,15133472560840775736
291.0723174111569,-270.8,373596,16411,-0.9943492555097357,8.07231741115693,24.738984077823595,88.47231741115694,independent_square,7,8768164236184003122
105.00565074449027,-84.73333333333333,785357,18476,-1.0610159221764022,7.87231741115693,25.07231741115693,83.49838407781994,independent_square,8,3346887413222867795
195.3389840778236,-175.06666666666666,177494,18749,-0.9276825888430693,7.938984077823596,26.738984077823595,86.36505074448661,independent_square,9,4036888401711380382
99.47231741115694,-79.2,872935,18308,-0.72768258884307,7.805650744490263,25.205650744490264,88.67231741115694,independent_square,10,15954420470927862892
97.5389840778236,-77.26666666666667,179149,20478,-0.9276825888430693,7.87231741115693,29.27231741115693,57.205650744490256,independent_square,11,12689853545985403984
94.07231741115693,-73.8,318569,19287,-0.9276825888430693,8.338984077823596,25.27231741115693,53.138984077823594,independent_square,12,4291604966143500096
177.67231741115694,-157.4,999035,16211,-0.9943492555097357,7.938984077823596,25.205650744490264,50.738984077823595,independent_square,13,12514303176209966691
91.80565074449026,-71.53333333333333,620756,16221,-0.9943492555097357,7.938984077823596,23.938984077823598,51.60565074449026,independent_square,14,1810448075220651958
289.9389840778236,-269.6666666666667,667750,16320,-0.9943492555097357,7.805650744490263,25.938984077823598,54.805650744490265,independent_square,15,18371652861380401229
166.00565074449025,-145.73333333333332,733619,18607,-0.9943492555097357,8.005650744490262,25.872317411156928,58.87231741115693,independent_square,16,4767209394541770639
92.80565074449026,-72.53333333333333,270,17404,-0.9276825888430693,7.805650744490263,25.27231741115693,67.87231741115693,independent_square,17,8217072949997476534
103.7389840778236,-83.46666666666667,580110,18046,-0.72768258884307,8.205650744490264,24.738984077823595,46.805650744490265,independent_square,18,18010541614231416064
68.67231741115693,-48.4,72672,20371,-0.9943492555097357,8.138984077823597,25.005650744490264,46.40565074449026,independent_square,19,14279817985918294756
99.7389840778236,-79.46666666666667,182279,21791,-0.8610159221764029,8.27231741115693,27.672317411156932,88.87231741115693,independent_square,20,8642352814767816782
175.87231741115693,-155.6,76532,19357,-0.7943492555097365,8.27231741115693,25.07231741115693,97.09838407781993,independent_square,21,16870189793694861261
92.47231741115694,-72.2,345859,19068,-0.9276825888430693,8.005650744490262,25.672317411156932,49.9389840778236,independent_square,22,8681747571449753125
105.5389840778236,-85.26666666666667,666965,22050,-0.8610159221764029,8.27231741115693,28.07231741115693,51.60565074449026,independent_square,23,7860091661239013041
99.5389840778236,-79.26666666666667,438541,19581,-1.0610159221764022,7.87231741115693,25.27231741115693,89.40565074449027,independent_square,24,11423400672835504822
172.7389840778236,-152.46666666666667,946191,19317,-1.1276825888430686,7.67231741115693,25.938984077823598,90.40565074449027,independent_square,25,16236339653217658223
69.67231741115693,-49.4,51208,20138,-1.1276825888430686,7.738984077823597,27.805650744490265,51.40565074449026,independent_square,26,12869327790998693949
55.5389840778236,-35.266666666666666,656290,18842,-0.7943492555097365,7.805650744490263,25.672317411156932,48.5389840778236,independent_square,27,9307313185570824525
61.27231741115693,-41.0,676668,22570,-0.9943492555097357,7.805650744490263,31.872317411156928,53.00565074449027,independent_square,28,7326665137890325103
99.00565074449027,-78.73333333333333,87869,17213,-0.9943492555097357,7.805650744490263,24.005650744490264,58.672317411156925,independent_square,29,9460286839201919682
110.3389840778236,-90.06666666666666,648360,19761,-0.9276825888430693,8.138984077823597,28.47231741115693,84.80565074449026,independent_square,30,5823974729352673706
97.67231741115694,-77.4,437342,19908,-0.8610159221764029,7.938984077823596,26.466317411159103,52.338984077823596,independent_square,31,1197906404156733684
99.07231741115693,-78.8,815921,16997,-0.8610159221764029,7.67231741115693,25.205650744490264,88.27231741115693,independent_square,32,987656070977910553
182.87231741115693,-162.6,806569,18875,-0.9943492555097357,8.005650744490262,26.872317411156928,85.47231741115694,independent_square,33,14807995973516257558
178.60565074449028,-158.33333333333334,397468,19426,-1.0610159221764022,8.138984077823597,26.538984077823596,90.27231741115693,independent_square,34,11035483966002043753
107.60565074449026,-87.33333333333333,280439,19426,-0.9276825888430693,8.07231741115693,24.738984077823595,57.472317411156936,independent_square,35,908277930378458596
100.07231741115693,-79.8,657206,19197,-1.0610159221764022,7.87231741115693,25.338984077823596,81.67231741115693,independent_square,36,6578733034294322267
80.20565074449026,-59.93333333333333,410389,20683,-0.9276825888430693,8.005650744490262,25.47231741115693,49.27231741115693,independent_square,37,13518324957499820077
106.40565074449027,-86.13333333333334,528147,19590,-0.9943492555097357,7.87231741115693,25.872317411156928,87.87231741115693,independent_square,38,12854477015722701219
98.67231741115694,-78.4,854789,18616,-0.9276825888430693,8.338984077823596,26.938984077823598,53.138984077823594,independent_square,39,17628866059880776415
170.3389840778236,-150.06666666666666,912749,19340,-1.0610159221764022,7.805650744490263,25.405650744490263,51.00565074449027,independent_square,40,5059968125754596135
61.07231741115693,-40.8,203617,20354,-0.8610159221764029,8.27231741115693,25.405650744490263,48.138984077823594,independent_square,41,637132605493534720
99.60565074449026,-79.33333333333333,350579,16944,-0.9943492555097357,7.472317411156929,25.205650744490264,82.60565074449026,independent_square,42,12973709305259501376
100.5389840778236,-80.26666666666667,793289,23930,-0.8610159221764029,8.405650744490263,35.07231741115693,57.338984077823596,independent_square,43,1184192299766106552
170.07231741115694,-149.8,913538,20857,-0.9943492555097357,8.138984077823597,26.872317411156928,82.80565074449026,independent_square,44,5434204389300068256
96.20565074449027,-75.93333333333334,873013,18031,-0.8610159221764029,8.07231741115693,25.338984077823596,50.07231741115693,independent_square,45,16675887738678317120
177.3389840778236,-157.06666666666666,899664,25797,-1.0610159221764022,8.338984077823596,35.27231741115693,92.20565074449027,independent_square,46,9448706360005846900
98.27231741115693,-78.0,337077,15259,-0.9943492555097357,7.67231741115693,23.338984077823596,56.07231741115693,independent_square,47,2188698242705343234
118.47231741115694,-98.2,994113,20325,-0.8610159221764029,8.205650744490264,26.605650744490262,87.00565074449027,independent_square,48,13891719119126417770
58.87231741115693,-38.6,894152,15134,-0.8610159221764029,7.87231741115693,23.205650744490264,46.20565074449026,independent_square,49,14043372116071084988
92.27231741115693,-72.0,490912,21445,-0.8610159221764029,8.005650744490262,27.27231741115693,53.672317411156925,independent_square,50,12432315021664848872
95.7389840778236,-75.46666666666667,832460,17595,-1.194349255509735,7.67231741115693,25.005650744490264,51.738984077823595,independent_square,51,293218661746381214
100.3389840778236,-80.06666666666666,568997,13575,-0.8610159221764029,7.67231741115693,22.538984077823596,88.27231741115693,independent_square,52,7556136525381486202
138.60565074449025,-118.33333333333333,193175,18433,-0.8610159221764029,7.87231741115693,26.27231741115693,81.93898407782359,independent_square,53,10950230522394557060
169.80565074449026,-149.53333333333333,663437,18729,-0.9276825888430693,7.87231741115693,24.338984077823596,89.67231741115694,independent_square,54,5468053190198812478
98.27231741115693,-78.0,333783,20709,-0.9943492555097357,8.138984077823597,27.938984077823598,59.338984077823596,independent_square,55,3536529973622693616
103.47231741115694,-83.2,714975,18464,-0.9943492555097357,7.738984077823597,26.138984077823597,89.27231741115693,independent_square,56,15220359163025915617
288.1389840778236,-267.8666666666667,788522,18313,-0.9276825888430693,7.938984077823596,25.138984077823597,80.00565074449027,independent_square,57,16226745568922276408
102.47231741115694,-82.2,621284,19727,-0.6610159221764036,8.405650744490263,24.872317411156928,54.40565074449026,independent_square,58,15876391416045312888
62.00565074449027,-41.733333333333334,820862,20449,-0.7943492555097365,8.338984077823596,26.205650744490264,52.472317411156936,independent_square,59,10482482685356821710
164.80565074449026,-144.53333333333333,71637,18609,-0.9276825888430693,8.27231741115693,25.47231741115693,88.20565074449027,independent_square,60,16929935884758396718
97.20565074449027,-76.93333333333334,614709,20914,-0.9276825888430693,7.738984077823597,26.338984077823596,55.93898407782359,independent_square,61,8320278773582600603
97.5389840778236,-77.26666666666667,587390,21832,-0.9943492555097357,7.938984077823596,26.205650744490264,83.89838407781993,independent_square,62,2584583942805075345
106.40565074449027,-86.13333333333334,518444,18901,-0.8610159221764029,7.938984077823596,24.338984077823596,64.60565074449026,independent_square,63,3402490964352922804
173.5389840778236,-153.26666666666668,237185,23088,-0.8610159221764029,8.338984077823596,29.338984077823596,89.67231741115694,independent_square,64,10734882889121815513
95.5389840778236,-75.26666666666667,925221,18854,-0.8610159221764029,8.138984077823597,26.27231741115693,58.22871741113495,independent_square,65,6055785774254144567
285.8723174111569,-265.6,665075,18010,-0.9276825888430693,8.005650744490262,26.005650744490264,164.7389840778236,independent_square,66,9672105876578051133
104.87231741115693,-84.6,433153,16641,-1.194349255509735,7.605650744490264,24.138984077823597,53.672317411156925,independent_square,67,10733501782915983881
101.67231741115694,-81.4,97349,21590,-0.9943492555097357,7.805650744490263,27.005650744490264,90.83171741115326,independent_square,68,6181574077228609181
180.00565074449025,-159.73333333333332,213872,15537,-0.9276825888430693,7.87231741115693,23.605650744490262,50.20565074449026,independent_square,69,10236555234450929913
71.60565074449026,-51.333333333333336,936054,16087,-0.9276825888430693,7.938984077823596,23.47231741115693,47.738984077823595,independent_square,70,4313037227833728590
65.47231741115694,-45.2,841919,16153,-0.9943492555097357,7.805650744490263,23.938984077823598,53.07231741115693,independent_square,71,342183982186129667
104.47231741115694,-84.2,645629,19025,-1.1276825888430686,8.07231741115693,24.872317411156928,60.498384077819935,independent_square,72,15568465314337253201
115.60565074449026,-95.33333333333333,498075,19178,-0.9943492555097357,7.805650744490263,26.872317411156928,90.20565074449027,independent_square,73,10042557594146017130
104.87231741115693,-84.6,767781,17534,-0.9276825888430693,8.005650744490262,26.138984077823597,90.40565074449027,independent_square,74,4877169916391024896
119.20565074449027,-98.93333333333334,893320,21085,-0.7943492555097365,8.47231741115693,28.338984077823596,94.20565074449027,independent_square,75,5407317260509235826
102.1389840778236,-81.86666666666666,917563,18239,-0.8610159221764029,8.138984077823597,24.938984077823598,88.87231741115693,independent_square,76,15318745980094274562
96.20565074449027,-75.93333333333334,452333,23554,-0.8610159221764029,8.205650744490264,27.605650744490262,52.138984077823594,independent_square,77,11362243006856914334
107.00565074449027,-86.73333333333333,577333,16209,-1.0610159221764022,7.805650744490263,24.27231741115693,90.00565074449027,independent_square,78,5093856578101258014
101.60565074449026,-81.33333333333333,41083,18881,-1.0610159221764022,7.67231741115693,26.872317411156928,86.20565074449027,independent_square,79,11454705846777454509
172.20565074449027,-151.93333333333334,346019,24821,-0.7943492555097365,8.538984077823597,32.738984077823595,59.40565074449026,independent_square,80,2117215843390847875
171.5389840778236,-151.26666666666668,71344,15642,-0.8610159221764029,7.738984077823597,23.738984077823595,89.27231741115693,independent_square,81,18408954351258253784
102.87231741115693,-82.6,603099,19299,-0.6610159221764036,8.478984077822044,25.872317411156928,87.5650507444866,independent_square,82,15072521947203003749
97.9389840778236,-77.66666666666667,346828,24833,-0.7943492555097365,8.538984077823597,30.27231741115693,66.07231741115693,independent_square,83,13598361418396299901
95.80565074449026,-75.53333333333333,78859,17357,-0.6610159221764036,8.27231741115693,24.07231741115693,84.27231741115693,independent_square,84,6499372716433625343
173.80565074449026,-153.53333333333333,77160,18613,-1.1276825888430686,7.738984077823597,25.005650744490264,88.67231741115694,independent_square,85,13177726361764425040
70.87231741115693,-50.6,729634,18493,-0.9943492555097357,7.938984077823596,24.805650744490265,49.672317411156925,independent_square,86,17954386242134053637
103.07231741115693,-82.8,99320,21045,-0.72768258884307,7.938984077823596,28.738984077823595,92.00565074449027,independent_square,87,13882706690113470275
63.338984077823596,-43.06666666666667,79895,19021,-0.9276825888430693,8.005650744490262,25.138984077823597,50.03171741115327,independent_square,88,15464553209163748111
100.00565074449027,-79.73333333333333,230886,17538,-1.0610159221764022,8.138984077823597,23.605650744490262,56.7389840778236,independent_square,89,17009130128556282867
101.5389840778236,-81.26666666666667,347969,19045,-0.9276825888430693,8.005650744490262,25.405650744490263,87.80565074449026,independent_square,90,280019076273232642
167.1389840778236,-146.86666666666667,320013,19875,-0.7943492555097365,8.205650744490264,27.138984077823597,58.5389840778236,independent_square,91,7426595688938278053
292.6723174111569,-272.4,352839,15528,-1.0610159221764022,7.67231741115693,23.738984077823595,94.5650507444866,independent_square,92,1358259267230969491
104.9389840778236,-84.66666666666667,581973,16254,-0.9276825888430693,7.738984077823597,23.805650744490265,48.20565074449026,independent_square,93,9813158736986722592
178.07231741115694,-157.8,396502,18844,-1.194349255509735,7.605650744490264,26.338984077823596,65.87231741115693,independent_square,94,15967339680215176709
104.1389840778236,-83.86666666666666,176076,18866,-0.9276825888430693,8.005650744490262,24.672317411156932,52.138984077823594,independent_square,95,14192053071574162429
105.27231741115693,-85.0,511158,18245,-0.9943492555097357,7.938984077823596,24.672317411156932,55.338984077823596,independent_square,96,13829954770160065067
98.60565074449026,-78.33333333333333,218128,21690,-0.9276825888430693,8.005650744490262,26.405650744490263,88.27231741115693,independent_square,97,4173875877425453360
100.40565074449027,-80.13333333333334,341272,21314,-0.8610159221764029,8.138984077823597,26.938984077823598,86.00565074449027,independent_square,98,11357670934265359471
100.07231741115693,-79.8,572502,19308,-0.8610159221764029,7.738984077823597,27.07231741115693,86.87231741115693,independent_square,99,17481986241920288894
101.9389840778236,-81.66666666666667,788085,22709,-0.9943492555097357,8.005650744490262,28.005650744490264,85.67231741115694,independent_square,100,9014773453175292512
